{"step": 150, "timestamp": 1745707548.4394338, "attention": [0.3160598874092102, 0.0978831797838211, 0.0007642255513928831, 0.0015870112692937255, 0.0004388902452774346, 0.0006438257987610996, 0.001383171882480383, 0.0013240338303148746, 0.0011909815948456526, 0.0006833007209934294, 0.01870613358914852, 0.006400470621883869, 0.00365821341983974, 0.0021386612206697464, 0.001647179713472724, 0.0010874911677092314, 0.0003995398001279682, 0.0006571168778464198, 0.0012751960894092917, 0.0008525063749402761, 0.003147391602396965, 0.004524007439613342, 0.0004390145477373153, 0.0013924867380410433, 0.00044178537791594863, 0.0006886031478643417, 0.002833719365298748, 0.000365363055607304, 0.00019851283286698163, 0.0008325761882588267, 0.004731258377432823, 0.0004231233906466514, 0.0005354390596039593, 0.00018143457418773323, 0.00015093051479198039, 7.720426219748333e-05, 8.990220521809533e-05, 0.00016637428780086339, 0.0005024359561502934, 0.0018342835828661919, 0.003461096901446581, 0.0002997117699123919, 0.0003846554027404636, 0.00010323178139515221, 0.00043175695464015007, 0.0013519750209525228, 0.00013307742483448237, 0.00017060663958545774, 7.002528582233936e-05, 0.0004951556911692023, 0.0004307496128603816, 0.0009592495043762028, 0.0006391511997207999, 0.00016266052261926234, 9.705143020255491e-05, 0.00043482985347509384, 0.0012225821847096086, 0.0002747139660641551, 7.349542283918709e-05, 3.184825982316397e-05, 5.461401087814011e-05, 0.0001557125069666654, 3.792935603996739e-05, 1.8590340914670378e-05, 0.00035646441392600536, 0.0002626553177833557, 0.00039184026536531746, 0.00028531416319310665, 7.278605335159227e-05, 0.001008901046589017, 0.00020486910943873227, 0.000499791232869029, 0.00015943449398037046, 0.0003210081486031413, 7.458881009370089e-05, 0.0005118718836456537, 0.001768333138898015, 0.0012643183581531048, 0.00046252633910626173, 0.0001911009894683957, 0.00037433672696352005, 0.0004079423670191318, 0.00027681628125719726, 0.003592282999306917, 0.0005789065617136657, 0.00027993391267955303, 0.0010931766591966152, 0.0005851990426890552, 0.0011153179220855236, 0.000274520309176296, 0.00043623062083497643, 0.00038425595266744494, 0.002174233552068472, 0.0007938542403280735, 0.0012527977814897895, 0.0006258917856030166, 0.0010063215158879757, 0.00030676007736474276, 0.0010727038607001305, 0.0029236427508294582, 0.0005552057409659028, 0.0007117516361176968, 0.0016891021514311433, 0.0003246244159527123, 0.00010035584273282439, 0.0003635064931586385, 0.00021879372070543468, 0.00028186646522954106, 0.0004613313649315387, 0.00017964070138987154, 0.0014821303775534034, 0.00024906627368181944, 0.0001847642270149663, 0.0002835877239704132, 0.0006418206030502915, 0.0001492237497586757, 0.002160056959837675, 0.0004543708637356758, 0.0002337298501515761, 0.00021643171203322709, 0.0011571489740163088, 0.013811327517032623, 0.0010420891921967268, 0.001269257627427578, 0.002943222876638174, 0.006799023598432541, 0.00033426162553951144, 0.004701351746916771, 0.001440174411982298, 0.002284538233652711, 0.0011315089650452137, 0.00026575231458991766, 0.002414901042357087, 0.0011462562251836061, 0.0037204218097031116, 0.0012275798944756389, 0.0026839717756956816, 0.0010624667629599571, 0.0021493977401405573, 0.003218442900106311, 0.002277111168950796, 0.027069013565778732, 0.018128693103790283, 0.015741873532533646, 0.012467150576412678, 0.01732863485813141, 0.05036834627389908, 0.03679414093494415, 0.13833758234977722, 0.09452073276042938]}