{"step": 600, "timestamp": 1745792449.6817057, "attention": [0.30042216181755066, 0.002124299295246601, 0.000542245339602232, 6.836043030489236e-05, 4.738217467092909e-05, 0.00032639631535857916, 0.0001330031082034111, 2.3508349840994924e-05, 9.945155761670321e-05, 0.00011976542737102136, 2.548118027334567e-05, 4.933559011988109e-06, 2.927590139734093e-05, 1.2139436876168475e-05, 5.452384357340634e-05, 4.201309275231324e-05, 4.7605764848412946e-05, 9.24730411497876e-05, 1.015412181004649e-05, 5.768775736214593e-05, 4.8161455197259784e-05, 4.6733475755900145e-05, 7.35200519557111e-05, 3.161728454870172e-05, 6.014418613631278e-05, 9.571478585712612e-05, 5.325972233549692e-05, 3.145081427646801e-05, 1.7130458218161948e-05, 2.9342869311221875e-05, 0.00012611164129339159, 9.530450915917754e-05, 4.443016950972378e-05, 0.00010219504474662244, 0.00021248402481433004, 8.974549564300105e-05, 0.00013944397505838424, 9.456239058636129e-05, 3.344774813740514e-05, 0.00011048358283005655, 0.00022061547497287393, 4.898177212453447e-05, 4.441729834070429e-05, 0.00013012463750783354, 4.025322414236143e-05, 5.1243336201878265e-05, 5.985618190607056e-05, 8.134143718052655e-05, 2.726621096371673e-05, 0.00019828102085739374, 0.00012893903476651758, 3.908417420461774e-05, 5.116369720781222e-05, 0.00019218586385250092, 0.0001609611208550632, 6.438951095333323e-05, 0.00013428213424049318, 3.044371260330081e-05, 4.45857185695786e-05, 0.00013473539729602635, 1.4749880392628256e-05, 1.0642302186170127e-05, 3.959978130296804e-05, 3.430321521591395e-05, 7.171020843088627e-05, 3.224299871362746e-05, 8.145958418026567e-05, 4.825462747248821e-05, 1.2308542864047922e-05, 3.1007963116280735e-05, 4.1126939322566614e-05, 1.8929047655547038e-05, 0.0001946796546690166, 0.0001217610333696939, 2.283883986820001e-05, 1.5727060599601828e-05, 5.374593456508592e-05, 3.558023672667332e-05, 4.566461575450376e-05, 8.890929166227579e-05, 1.8640555936144665e-05, 1.0828909580595791e-05, 5.085385782876983e-05, 3.2212155929300934e-05, 2.0396520994836465e-05, 1.1740672562154941e-05, 0.0001676865213084966, 4.560346496873535e-05, 0.00012146335211582482, 4.2895437218248844e-05, 5.8460431318962947e-05, 2.8878594093839638e-05, 4.676414391724393e-05, 1.7172666048281826e-05, 2.18308596231509e-05, 9.132637933362275e-05, 0.00849891547113657, 4.941111910738982e-05, 7.647322490811348e-05, 2.1849667973583564e-05, 3.0123936085146852e-05, 0.00017288210801780224, 7.973725587362424e-05, 6.790651241317391e-05, 7.399502646876499e-05, 2.4029615815379657e-05, 3.170151467202231e-05, 4.897398321190849e-05, 0.002209198661148548, 4.306907794671133e-05, 2.597572165541351e-05, 3.670978549052961e-05, 3.098048910032958e-05, 9.57571501203347e-06, 0.0014212181558832526, 2.0547453459585086e-05, 5.9066758694825694e-05, 4.2976920667570084e-05, 0.00017440349620301276, 1.612226878933143e-05, 2.440297612338327e-05, 2.7082085580332205e-05, 6.232535088201985e-05, 0.0002669275854714215, 4.525986878434196e-05, 1.2432002222340088e-05, 3.251426460337825e-05, 1.9986240658909082e-05, 5.1174098189221695e-05, 7.440876652253792e-05, 0.0006662624655291438, 5.439687811303884e-05, 5.2695544582093135e-05, 2.2832398826722056e-05, 1.0590493729978334e-05, 4.127977808821015e-05, 3.4400967706460506e-05, 2.8771177312592044e-05, 0.0035294550471007824, 3.758254388230853e-05, 7.332106906687841e-05, 2.2814147087046877e-05, 5.420695379143581e-05, 0.00014729549002368003, 5.830746522406116e-05, 3.0450852136709727e-05, 9.323052654508501e-05, 7.84529693191871e-05, 3.803651634370908e-05, 0.00015300718951039016, 0.00010277946421410888, 9.389991464558989e-05, 0.00033052178332582116, 0.00010049669072031975, 0.00022208203154150397, 8.307643292937428e-05, 7.223708962555975e-05, 0.00012735229393001646, 7.528370042564347e-05, 3.1454484997084364e-05, 0.00014137139078229666, 2.8857159122708254e-05, 3.548555832821876e-05, 4.2172676330665126e-05, 0.00014336116146296263, 6.630473944824189e-05, 6.048497016308829e-05, 0.00015157466987147927, 4.1613926441641524e-05, 0.00022603949764743447, 2.277328349009622e-05, 0.00029399117920547724, 8.624374459031969e-05, 6.406146712834015e-05, 4.70629456685856e-05, 5.1269293180666864e-05, 4.660480044549331e-05, 3.160662163281813e-05, 7.360056042671204e-05, 0.00024759338703006506, 6.640632636845112e-05, 1.920243630593177e-05, 3.48627072526142e-05, 4.781866300618276e-05, 7.892480061855167e-05, 0.00010076163744088262, 9.202424553222954e-05, 4.200279727228917e-05, 2.150446380255744e-05, 4.167907900409773e-05, 6.256250344449654e-05, 7.689029007451609e-05, 1.2066157069057226e-05, 1.6463061911053956e-05, 5.908616003580391e-06, 1.913304004119709e-05, 8.144945604726672e-05, 0.00019861303735524416, 5.9680449339793995e-05, 6.276896601775661e-05, 0.00010457840835442767, 2.3638189304620028e-05, 6.982721970416605e-05, 4.534523395705037e-05, 1.5891384464339353e-05, 4.476337198866531e-05, 3.729261152329855e-05, 3.222411760361865e-05, 1.943684219440911e-05, 0.0002496805100236088, 1.9777315173996612e-05, 1.5757152141304687e-05, 5.213352415012196e-05, 1.6007095837267116e-05, 3.0438055546255782e-05, 4.774032277055085e-05, 2.5645504138083197e-05, 1.1873158655362204e-05, 1.8609320250106975e-05, 1.1304570762149524e-05, 3.9017792005324736e-05, 3.9809565350878984e-05, 3.536014264682308e-05, 1.805448846425861e-05, 4.949335925630294e-05, 0.00016680877888575196, 0.0001102260866900906, 2.7764481274061836e-05, 9.729595331009477e-05, 5.0626389565877616e-05, 0.003936494700610638, 7.497744809370488e-05, 6.457028212025762e-05, 0.00010028868564404547, 9.541220060782507e-05, 2.073334871965926e-05, 8.254824206233025e-05, 5.118073386256583e-05, 4.8632704420015216e-05, 0.00020608531485777348, 0.003009979845955968, 3.9309892599703744e-05, 4.441796409082599e-05, 0.00014651429955847561, 0.00020057517394889146, 1.9472498024697416e-05, 2.5684401407488622e-05, 0.00011149831698276103, 4.9203954404219985e-05, 2.0159119230811484e-05, 4.947739580529742e-05, 8.542445721104741e-05, 8.257407898781821e-05, 4.884223380940966e-05, 3.9470884075853974e-05, 0.0002393456088611856, 0.00010563634714344516, 0.00017345674859825522, 0.00022876865114085376, 0.00011605465988395736, 4.831436672247946e-05, 0.0002787573612295091, 0.0001301244628848508, 2.337663681828417e-05, 4.155464921495877e-05, 8.800444629741833e-05, 5.440303357318044e-05, 0.0008039033273234963, 0.00012008724297629669, 5.303239231579937e-05, 6.22604347881861e-05, 9.73261849139817e-05, 5.9791014791699126e-05, 3.8782513001933694e-05, 2.2560645447811112e-05, 4.3839754653163254e-05, 7.89694968261756e-05, 0.00023620849242433906, 6.388677866198123e-05, 0.007019392214715481, 0.00020202458836138248, 0.00012113192497054115, 0.00010571011080173776, 0.00016457696619909257, 0.0002359932113904506, 0.00012745210551656783, 0.0001294961984967813, 0.00014024937991052866, 0.0002071143826469779, 6.18206468061544e-05, 0.0001199380712932907, 0.00024078614660538733, 0.00024635912268422544, 2.116897485393565e-05, 0.00017447382560931146, 8.74710240168497e-05, 0.00011504410213092342, 0.005068751517683268, 0.00019594300829339772, 0.0004357835277915001, 0.0001495703763794154, 9.09444279386662e-05, 5.5614058510400355e-05, 0.000404415070079267, 0.0012578030582517385, 0.00024381576804444194, 0.00035950992605648935, 0.00021474715322256088, 8.002785034477711e-05, 0.004598287399858236, 5.942752613918856e-05, 3.728269075509161e-05, 4.486488978727721e-05, 0.005370425060391426, 3.161405402352102e-05, 5.275514558888972e-05, 4.773303589900024e-05, 7.024969818303362e-05, 0.00016043297364376485, 5.996909749228507e-05, 0.00010129278234671801, 6.959249003557488e-05, 3.7816040276084095e-05, 3.1634124752599746e-05, 3.758266757358797e-05, 3.0108505598036572e-05, 1.493110630690353e-05, 2.956908065243624e-05, 2.2776632249588147e-05, 5.615593181573786e-05, 6.964668136788532e-05, 0.0001741541491355747, 0.00011591969087021425, 9.420206333743408e-05, 8.148107735905796e-05, 0.00031367799965664744, 0.00020489560847636312, 4.767088466905989e-05, 8.468859596177936e-05, 4.949646245222539e-05, 