{"step": 0, "timestamp": 1745707058.936599, "attention": [0.5917094945907593, 0.020212432369589806, 0.012319720350205898, 0.007415421772748232, 0.03165336698293686, 0.01190141960978508, 0.015273028053343296, 0.008227924816310406, 0.008797015994787216, 0.0031714027281850576, 0.0024954902473837137, 0.0093590272590518, 0.009547792375087738, 0.014023425988852978, 0.013722427189350128, 0.017213089391589165, 0.031775444746017456, 0.19118210673332214]}