{"step": 50, "timestamp": 1745792423.867877, "attention": [0.531990110874176, 0.008211568929255009, 0.0019693973008543253, 0.001003492041490972, 0.006326640956103802, 0.026487505063414574, 0.005981712602078915, 0.0007971087470650673, 0.004082595929503441, 0.001433473196811974, 0.0012999512255191803, 0.000609801965765655, 0.0007882807985879481, 0.001331303152255714, 0.012626543641090393, 0.0023582091089338064, 0.0024917295668274164, 0.0019806900527328253, 0.0015483006136491895, 0.008408967405557632, 0.006749146152287722, 0.0017699735471978784, 0.0019428204977884889, 0.0019965858664363623, 0.013960320502519608, 0.0031839958392083645, 0.004579402506351471, 0.0038094474002718925, 0.0008704676292836666, 0.007791788317263126, 0.005158563610166311, 0.0031176023185253143, 0.0025709904730319977, 0.009793398901820183, 0.004553093109279871, 0.007146574091166258, 0.021093320101499557, 0.008924834430217743, 0.0016496716998517513, 0.003836959134787321, 0.002191276056692004, 0.005817129742354155, 0.02024872973561287, 0.010787911713123322, 0.0035704346373677254, 0.0060057854279875755, 0.010336250998079777, 0.009596526622772217, 0.026556773111224174, 0.1686628758907318]}