{"step": 250, "timestamp": 1745707551.9782004, "attention": [0.3325285017490387, 0.15854412317276, 0.0005699570756405592, 0.00023820104252081364, 0.00020294170826673508, 0.00015808756870683283, 0.00012954717385582626, 0.0002536990214139223, 0.00024588589440099895, 0.00013443826173897833, 0.0004611881449818611, 0.0004492539446800947, 0.00012513884576037526, 0.00020546668383758515, 0.00036634411662817, 0.00011947886378038675, 4.96696557092946e-05, 3.8474263419630006e-05, 6.47139095235616e-05, 3.55081501766108e-05, 0.00015170812548603863, 0.0003880618023686111, 0.0001092169841285795, 0.0002240704488940537, 0.00014117082173470408, 0.0001152233307948336, 0.0003326518926769495, 7.149195880629122e-05, 0.0001329117367276922, 0.0001350349630229175, 0.00034192102611996233, 4.609465759131126e-05, 9.373964712722227e-05, 5.9319601859897375e-05, 9.343275451101363e-05, 8.328704279847443e-05, 2.0616138499462977e-05, 3.441009175730869e-05, 0.0001538947399239987, 0.00015315620112232864, 0.00040912479744292796, 4.762235039379448e-05, 5.705877993023023e-05, 4.178769449936226e-05, 0.00010300781286787242, 0.0004971390007995069, 4.57359419669956e-05, 2.9519302188418806e-05, 1.0396282959845848e-05, 4.112263923161663e-05, 6.641417712671682e-05, 7.999962690519169e-05, 6.36204713373445e-05, 7.969362195581198e-05, 5.240246173343621e-05, 0.0003024044563062489, 0.0005493832868523896, 5.426134157460183e-05, 2.6595935196382925e-05, 2.1119154553161934e-05, 7.581499812658876e-05, 4.032655124319717e-05, 2.558350024628453e-05, 5.6042554206214845e-06, 3.622499934863299e-05, 8.67409398779273e-05, 6.574895814992487e-05, 5.909100946155377e-05, 2.6714842533692718e-05, 7.093184103723615e-05, 6.335458601824939e-05, 0.00018609267135616392, 9.025714825838804e-05, 5.152166340849362e-05, 4.271671059541404e-05, 0.00020921631949022412, 0.00032680807635188103, 0.00010726071923272684, 0.00010797059803735465, 3.2174528314499184e-05, 0.00021948495123069733, 0.0002342272491659969, 8.984754094853997e-05, 0.000421779986936599, 6.969995592953637e-05, 2.105105340888258e-05, 5.2841198339592665e-05, 5.499549297383055e-05, 0.00025705117150209844, 5.408166180131957e-05, 0.00011979688133578748, 8.957294630818069e-05, 0.00027220783522352576, 0.000411752553191036, 0.00022407565847970545, 6.634880264755338e-05, 0.00010053562436951324, 8.124818123178557e-05, 0.00023426779080182314, 0.00021946858032606542, 6.0912159824511036e-05, 0.00011339053889969364, 4.679175253841095e-05, 9.248013520846143e-05, 5.92653414059896e-05, 0.00011192883539479226, 0.00011864776024594903, 8.76249250723049e-05, 0.00019845837960019708, 4.225883094477467e-05, 0.00010028979886556044, 3.7284746213117614e-05, 5.7741352065932006e-05, 0.00012494242400862277, 0.0001182349951704964, 3.7049365346319973e-05, 0.00032695685513317585, 0.00011153579544043168, 5.8636273024603724e-05, 7.016005110926926e-05, 0.0004276003164704889, 0.002338738413527608, 0.0016418988816440105, 0.0013442342169582844, 0.0018095734994858503, 0.005948412232100964, 0.00045274096191860735, 0.020096855238080025, 0.015398918651044369, 0.0009614141890779138, 0.0011577308177947998, 0.00043978088069707155, 0.009222302585840225, 0.0069295200519263744, 0.002130779903382063, 0.0005483716959133744, 0.0007944508688524365, 0.0015724742552265525, 0.0008696719887666404, 0.0010834627319127321, 0.000492361665237695, 0.0010638413950800896, 0.0004395499709062278, 0.0012065262999385595, 0.00040462627657689154, 0.0003309674793854356, 0.00036609344533644617, 0.0017409276915714145, 0.0005108329933136702, 0.00033540467848069966, 0.002427085069939494, 0.00020513431809376925, 0.00015538200386799872, 0.00012695175246335566, 7.63092320994474e-05, 0.00012103928747819737, 0.0006698498036712408, 0.004432584159076214, 0.0006979993195272982, 0.0007918394985608757, 0.0002233726263511926, 0.0005356160108931363, 0.0003511960676405579, 0.0009542221087031066, 0.0009558856254443526, 0.0006605737144127488, 0.0014868398429825902, 0.0010821321047842503, 0.0019406403880566359, 0.0009398578549735248, 0.0017648664070293307, 0.000632851617410779, 0.0017606907058507204, 0.0016129296272993088, 0.0005170950898900628, 0.0019373439718037844, 0.007205495145171881, 0.001529429922811687, 0.0009602638310752809, 0.00038691016379743814, 0.0007229294860735536, 0.00033427777816541493, 0.0006735465140081942, 0.0003697253705468029, 0.0030988953076303005, 0.00205992185510695, 0.0012177142780274153, 0.0006902199238538742, 0.00040468137012794614, 0.00018387017189525068, 0.002573767676949501, 0.0009743095142766833, 0.006858533248305321, 0.0010837215231731534, 0.0034091509878635406, 0.0029800753109157085, 0.0004709054483100772, 0.0006739644450135529, 0.013743404299020767, 0.0021383340936154127, 0.0010973045136779547, 0.010636206716299057, 0.0005832870956510305, 0.002127457642927766, 0.0019447770901024342, 0.0008520749979652464, 0.0013576071942225099, 0.00030173466075211763, 0.0011370109859853983, 0.01417239848524332, 0.002980148885399103, 0.0017823521047830582, 0.024263352155685425, 0.002956988289952278, 0.0025064824149012566, 0.0033032309729605913, 0.002964006271213293, 0.0031843138858675957, 0.000737929018214345, 0.001587299513630569, 0.0027272910811007023, 0.00032002045190893114, 0.0005235151620581746, 0.00042320165084674954, 0.0006526609649881721, 0.000656552379950881, 0.001269276486709714, 0.000994708389043808, 0.004957776982337236, 0.001715481048449874, 0.004563868511468172, 0.0027461089193820953, 0.006847120355814695, 0.0017266500508412719, 0.000656535557936877, 0.0017294068820774555, 0.01957801915705204, 0.0014706255169585347, 0.0008445173734799027, 0.005128905642777681, 0.007345421705394983, 0.006056245416402817, 0.004642785526812077, 0.008668341673910618, 0.003561150748282671, 0.002425068523734808, 0.0018497130367904902, 0.0017022911924868822, 0.011467276141047478, 0.1410495936870575]}