{"step": 150, "timestamp": 1745792427.6429281, "attention": [0.3448277711868286, 0.005343393888324499, 0.0018385166767984629, 0.0006489593652077019, 0.0019189526792615652, 0.008979471400380135, 0.0013922529760748148, 0.0002404803381068632, 0.0014358613407239318, 0.000975404167547822, 0.0004366989596746862, 0.00022714058286510408, 0.0005152366356924176, 0.0006487953942269087, 0.0023616196122020483, 0.0009526252397336066, 0.001046704943291843, 0.0014304714277386665, 0.00044777628500014544, 0.0014791996218264103, 0.0010629139142110944, 0.0004617165250238031, 0.0008177733398042619, 0.0007554076728411019, 0.0017867560964077711, 0.0006089000380598009, 0.0011414511827751994, 0.0008685815264470875, 0.00035478558856993914, 0.0009133891435340047, 0.0012723772088065743, 0.0009782131528481841, 0.0009277426870539784, 0.002599806059151888, 0.002751549705862999, 0.002093884162604809, 0.0030298095662146807, 0.0018557970179244876, 0.0004799308953806758, 0.0010713471565395594, 0.0009580487385392189, 0.000619983475189656, 0.0012314834166318178, 0.0015691553708165884, 0.00041614260408096015, 0.0004202030540909618, 0.0005618868162855506, 0.0005847659194841981, 0.0009874746901914477, 0.011088919825851917, 0.003488401882350445, 0.00097744376398623, 0.0007454379228875041, 0.006365182809531689, 0.0009521017200313509, 0.0019344942411407828, 0.0026178581174463034, 0.0013516884064301848, 0.0027345502749085426, 0.0023248803336173296, 0.0011242940090596676, 0.0011516918893903494, 0.0015871357172727585, 0.0005177849088795483, 0.0004282951704226434, 0.0007748225471004844, 0.004261113703250885, 0.001382277812808752, 0.0004255045496392995, 0.0017706470098346472, 0.0013121835654601455, 0.0009085057536140084, 0.003969708923250437, 0.0026802930515259504, 0.0010045365197584033, 0.0010036018211394548, 0.003014383604750037, 0.001314815366640687, 0.0015444280579686165, 0.004099386744201183, 0.0013771745143458247, 0.0008913628989830613, 0.0013037684839218855, 0.000987813575193286, 0.00034835829865187407, 0.0005596269620582461, 0.006768639665096998, 0.0016417796723544598, 0.0012881361180916429, 0.0015665700193494558, 0.003358284244313836, 0.0016262771096080542, 0.004316696897149086, 0.0014474543277174234, 0.001361390925012529, 0.0008217464201152325, 0.03226718306541443, 0.0014720060862600803, 0.003716610372066498, 0.0014531317865476012, 0.002078502904623747, 0.0021257069893181324, 0.0015038796700537205, 0.001156761310994625, 0.006535861175507307, 0.0026946456637233496, 0.0022002533078193665, 0.0010170266032218933, 0.01496998779475689, 0.0017759527545422316, 0.0017106188461184502, 0.001432641874998808, 0.0035015984904021025, 0.0006298093940131366, 0.013364411890506744, 0.002529883524402976, 0.004216078668832779, 0.003454933874309063, 0.002946613822132349, 0.0017093145288527012, 0.0016247136518359184, 0.0014671378303319216, 0.002825622446835041, 0.004506804049015045, 0.0029606474563479424, 0.0009428577614016831, 0.0020252601243555546, 0.002560489345341921, 0.003963530994951725, 0.0008605992188677192, 0.010284394025802612, 0.0036024567671120167, 0.00567335681989789, 0.004150401335209608, 0.004913103301078081, 0.007565225474536419, 0.003149274503812194, 0.003524665255099535, 0.020769426599144936, 0.005579332355409861, 0.016882343217730522, 0.008525947108864784, 0.018179427832365036, 0.010436637327075005, 0.009503754787147045, 0.013775158673524857, 0.02072366699576378, 0.020775262266397476, 0.03524567186832428, 0.13368934392929077]}