{"step": 400, "timestamp": 1745792438.8684142, "attention": [0.6595005989074707, 0.00019934537704102695, 6.605510861845687e-05, 4.976684431312606e-05, 6.431688962038606e-05, 0.000312536780256778, 5.055146903032437e-05, 1.3740382200921886e-05, 4.476608955883421e-05, 7.864170038374141e-05, 4.305919719627127e-05, 3.0467061151284724e-05, 4.448322579264641e-05, 3.3044874726329e-05, 6.661193765467033e-05, 2.448917985020671e-05, 5.334631714504212e-05, 0.00019794353283941746, 2.781189868983347e-05, 0.0001048737540259026, 4.966730557498522e-05, 5.530076668947004e-05, 6.54110626783222e-05, 7.483448280254379e-05, 0.00011553549848031253, 8.71933953021653e-05, 6.321376713458449e-05, 4.568241274682805e-05, 3.812531940639019e-05, 5.7592318626120687e-05, 9.627720282878727e-05, 4.361741230241023e-05, 3.69609915651381e-05, 2.2674510546494275e-05, 7.117292261682451e-05, 4.369933594716713e-05, 5.824694744660519e-05, 2.9755934519926086e-05, 1.2372272976790555e-05, 5.862944453838281e-05, 7.740844012005255e-05, 6.98149306117557e-05, 3.6332057788968086e-05, 6.386527820723131e-05, 1.3836288417223841e-05, 6.125892832642421e-05, 7.108566933311522e-05, 0.00012158972094766796, 4.374659329187125e-05, 0.0003660641668830067, 4.3051972170360386e-05, 5.3400926844915375e-05, 5.749660704168491e-05, 0.00026129523757845163, 0.0001945657131727785, 0.00014439813094213605, 6.504716293420643e-05, 4.267053009243682e-05, 0.00010941075743176043, 3.418354026507586e-05, 4.111799717065878e-05, 6.57101918477565e-05, 8.295702718896791e-05, 5.3750201914226636e-05, 5.08428638568148e-05, 2.5642968466854654e-05, 4.634013384929858e-05, 5.0605925935087726e-05, 1.8199098121840507e-05, 2.8411926905391738e-05, 3.574098809622228e-05, 3.676708729472011e-05, 3.068046862608753e-05, 0.00011080468539148569, 7.555499905720353e-05, 6.0553866205736995e-05, 6.560963083757088e-05, 8.744671504246071e-05, 0.00014534244837705046, 8.204932237276807e-05, 0.00011845575500046834, 0.00012081009481335059, 6.42536033410579e-05, 4.939718564855866e-05, 7.230446499306709e-05, 0.00012647535186260939, 0.00014803155499976128, 7.714970706729218e-05, 2.750862950051669e-05, 0.00010569373262114823, 2.1117904907441698e-05, 7.312940579140559e-05, 0.00010112876771017909, 2.0342758944025263e-05, 4.020446431240998e-05, 4.0034512494457886e-05, 0.0013998225331306458, 0.00010983653191942722, 9.154226427199319e-05, 0.00012696668272837996, 5.443356712930836e-05, 5.3063209634274244e-05, 0.00011405615077819675, 5.5134849390015006e-05, 8.316784806083888e-05, 0.0001139995438279584, 4.613666533259675e-05, 6.864666647743434e-05, 0.0006496467394754291, 4.8511006752960384e-05, 6.559328903676942e-05, 3.613114677136764e-05, 5.0669721531448886e-05, 3.843644299195148e-05, 0.00022280799748841673, 3.307671795482747e-05, 3.2114770874613896e-05, 4.532019738689996e-05, 2.6597614123602398e-05, 2.465280340402387e-05, 1.1708647434716113e-05, 0.00010245696466881782, 4.362432810012251e-05, 3.8100421079434454e-05, 4.4806063669966534e-05, 1.2305968994041905e-05, 4.7541932872263715e-05, 6.786261656088755e-05, 4.084335523657501e-05, 2.796597982523963e-05, 0.00018318685761187226, 0.00012090640666428953, 3.390717029105872e-05, 5.304742444423027e-05, 4.063680535182357e-05, 5.643002441502176e-05, 7.684860611334443e-05, 3.255442425142974e-05, 9.458206477575004e-05, 2.7364185370970517e-05, 2.2099993657320738e-05, 6.632898293901235e-05, 6.681527884211391e-05, 0.00021103657491039485, 8.214694389607757e-05, 3.7334768421715125e-05, 5.8041645388584584e-05, 2.4613284040242434e-05, 5.8470279327593744e-05, 2.4378339730901644e-05, 4.618777893483639e-05, 0.00017247727373614907, 0.0024815888609737158, 8.14170780358836e-05, 0.0005056839436292648, 0.00011110844934592023, 0.00016330137441400439, 7.457922038156539e-05, 7.553031900897622e-05, 0.00018198636826127768, 0.0001842700585257262, 7.059095514705405e-05, 9.922987374011427e-05, 0.00023026672715786844, 0.0013309009373188019, 0.0001046382894855924, 0.00020454595505725592, 9.568367386236787e-05, 3.921972893294878e-05, 0.00011354328307788819, 6.709448643960059e-05, 0.0004885895177721977, 2.8989850761718117e-05, 7.108248246368021e-05, 0.0001168296585092321, 3.153155921609141e-05, 6.951595423743129e-05, 5.305912054609507e-05, 2.878616942325607e-05, 6.91486056894064e-05, 6.285422568907961e-05, 2.821903399308212e-05, 2.8129590646130964e-05, 4.745540354633704e-05, 0.0003554246504791081, 6.290742021519691e-05, 0.00011985488526988775, 0.00011962407734245062, 0.0001001172058749944, 0.0002075971569865942, 4.701162106357515e-05, 3.5689932701643556e-05, 4.116866330150515e-05, 5.7353146985406056e-05, 2.9176733733038418e-05, 0.00014981099229771644, 4.26912447437644e-05, 7.726685726083815e-05, 0.00010792315879371017, 0.0002744555822573602, 0.00014526894665323198, 5.1738992624450475e-05, 7.194172940216959e-05, 5.8264628023607656e-05, 7.802584150340408e-05, 0.00021664072119165212, 0.00015650181740056723, 9.33291157707572e-05, 0.00011426847049733624, 6.988065433688462e-05, 0.0001399385218974203, 0.00013293654774315655, 0.00012916832929477096, 5.568817141465843e-05, 5.6780147133395076e-05, 0.0001234458904946223, 0.00011922618432436138, 9.143580973614007e-05, 5.7213284890167415e-05, 8.083837747108191e-05, 0.00017560333071742207, 5.910199979552999e-05, 0.00028573526651598513, 8.663085463922471e-05, 0.00010306344483979046, 0.00014014207408763468, 5.843503458891064e-05, 5.0595794164109975e-05, 7.811748946551234e-05, 4.2767544073285535e-05, 0.0010087311966344714, 5.895736831007525e-05, 3.3660584449535236e-05, 3.639249916886911e-05, 0.0001617112138774246, 7.777502469252795e-05, 6.411365757230669e-05, 8.01465503172949e-05, 0.0001282847806578502, 4.067020563525148e-05, 0.0002557660627644509, 3.934352571377531e-05, 4.605629510479048e-05, 0.0001144220877904445, 0.00026536034420132637, 8.732996502658352e-05, 3.023731551365927e-05, 9.240410872735083e-05, 0.00012051259545842186, 9.172968566417694e-05, 8.151165820891038e-05, 8.201893069781363e-05, 0.00014873799227643758, 9.097019210457802e-05, 0.00010554768959991634, 0.00014988685143180192, 0.00014000749797560275, 0.00010147727152798325, 9.743379632709548e-05, 0.00024774056510068476, 0.00018644306692294776, 0.0002991533256135881, 6.762884731870145e-05, 0.00012343356502242386, 0.00027927150949835777, 0.0001704749302007258, 0.00013472160208038986, 0.0003434348327573389, 0.00027297859196551144, 7.612234185216948e-05, 0.0001082184535334818, 2.2854932467453182e-05, 3.9040445699356496e-05, 4.4961649109609425e-05, 3.353158535901457e-05, 8.405065455008298e-05, 0.00032535698846913874, 0.00038232235237956047, 6.419490819098428e-05, 0.00016553958994336426, 0.00026198429986834526, 0.00014606441254727542, 5.106832759338431e-05, 0.00016346838674508035, 0.00021226154058240354, 0.00014071684563532472, 9.027526539284736e-05, 9.650400170357898e-05, 0.00011456350330263376, 7.725598698016256e-05, 9.684618271421641e-05, 0.000385568622732535, 5.253884592093527e-05, 3.8030244468245655e-05, 9.679398499429226e-05, 0.00016807217616587877, 0.00012936822895426303, 0.0013477152679115534, 0.0002426606515655294, 0.0002956795506179333, 0.00024611156550236046, 7.397704030154273e-05, 6.040388689143583e-05, 0.00016168502043001354, 0.00010092539741890505, 0.00014395022299140692, 0.00033115281257778406, 0.0004205902514513582, 9.02612300706096e-05, 0.0015411670319736004, 5.623240576824173e-05, 3.356941670062952e-05, 5.168023199075833e-05, 0.0006701993988826871, 6.222253432497382e-05, 6.632004806306213e-05, 0.00011631072266027331, 3.3025164157152176e-05, 0.00013139890506863594, 0.0001391921250615269, 0.00015475833788514137, 0.00022676234948448837, 0.00014388338604476303, 5.460817919811234e-05, 6.417519762180746e-05, 0.00010099705832544714, 7.009886030573398e-05, 9.796112863114104e-05, 3.2323085179086775e-05, 0.00013878187746740878, 4.4948352297069505e-05, 0.000160264884470962, 0.0001907658006530255, 0.00021153280977159739, 0.00017434783512726426, 0.0004480311181396246, 0.00022968268604017794, 0.0002978519769385457, 0.00037961971247568727, 