{"step": 700, "timestamp": 1745792455.7107155, "attention": [0.2778776288032532, 0.0010274095693603158, 0.0019819573499262333, 0.00034155085450038314, 6.361993291648105e-05, 0.00021332275355234742, 8.525215525878593e-05, 1.6120162399602123e-05, 6.809945625718683e-05, 0.00010529279825277627, 2.8103351723984815e-05, 1.916017208714038e-05, 3.391945210751146e-05, 2.593371391412802e-05, 6.521696923300624e-05, 4.2604027839843184e-05, 3.576531889848411e-05, 0.0007639583782292902, 1.59848750627134e-05, 4.338668077252805e-05, 0.00014536250091623515, 2.8356043912936002e-05, 0.000509951263666153, 5.941947165410966e-05, 6.564807699760422e-05, 3.417970219743438e-05, 9.805931040318683e-05, 3.625174576882273e-05, 1.8187027308158576e-05, 3.8094054616522044e-05, 0.0024738574866205454, 4.1385512304259464e-05, 2.8325102903181687e-05, 9.242792293662205e-05, 7.529983849963173e-05, 4.52049462182913e-05, 0.00025278376415371895, 0.00016815046546980739, 3.792830466409214e-05, 6.088492227718234e-05, 0.0002129661588696763, 3.0567105568479747e-05, 4.5054603106109425e-05, 4.739631913253106e-05, 1.835834154917393e-05, 3.915065462933853e-05, 4.8152822273550555e-05, 0.00010539240611251444, 5.317742034094408e-05, 9.107166988542303e-05, 3.390801794012077e-05, 3.1350307835964486e-05, 0.00010765300248749554, 0.00020071363542228937, 6.252967432374135e-05, 8.540917770005763e-05, 0.00019928939582314342, 1.2373787285469007e-05, 7.318024290725589e-05, 0.000455108325695619, 1.781255195965059e-05, 1.5709401850472204e-05, 5.4696021834388375e-05, 2.1947325876681134e-05, 0.0001576719805598259, 2.8940961783519015e-05, 0.0001468956470489502, 1.9595108824432828e-05, 2.096885691571515e-05, 4.438065298018046e-05, 4.928476846544072e-05, 3.3603329939069226e-05, 0.00011998884292552248, 4.260683272150345e-05, 1.89184102055151e-05, 2.836979547282681e-05, 8.790536958258599e-05, 7.019474287517369e-05, 6.714223854942247e-05, 7.683432340854779e-05, 9.67341929936083e-06, 3.190528150298633e-05, 9.753119229571894e-05, 0.00012429141497705132, 4.672844079323113e-05, 1.485825123381801e-05, 0.0001447480171918869, 0.00025436142459511757, 0.00040491652907803655, 4.416504816617817e-05, 0.00017345072410535067, 2.7177395168109797e-05, 7.521534280385822e-05, 4.1446055547567084e-05, 0.00010266950266668573, 0.0007520343642681837, 0.0031180032528936863, 0.00011067253944929689, 0.00017654206021688879, 1.2428210538928397e-05, 4.8819878429640085e-05, 0.00155545212328434, 8.500581316184253e-05, 6.884957838337868e-05, 0.0004427113744895905, 2.7597308871918358e-05, 4.328014256316237e-05, 4.2928371840389445e-05, 0.0015139698516577482, 2.43872946157353e-05, 1.4952341189200524e-05, 0.00012334792700130492, 6.041793676558882e-05, 1.8669885321287438e-05, 0.0006531454273499548, 2.7567250072024763e-05, 0.00019142372184433043, 9.554142889101058e-05, 0.0013590697199106216, 4.5029584725853056e-05, 4.590902244672179e-05, 5.561966827372089e-05, 8.478073141304776e-05, 0.002015163656324148, 0.00010778870637295768, 4.51428750238847e-05, 4.293572419555858e-05, 3.438686326262541e-05, 0.00012603448703885078, 0.0004712180816568434, 0.00031136174220591784, 0.00011678515875246376, 0.0002106664760503918, 5.448777665151283e-05, 3.214233947801404e-05, 0.00014466169523075223, 0.0001019852643366903, 0.00018074522085953504, 0.000710281718056649, 0.00016980571672320366, 0.00010460288467584178, 2.1749825464212336e-05, 8.9656823547557e-05, 0.00022432471450883895, 0.00013408483937382698, 0.00018380997062195092, 0.0001929077407112345, 0.00016314043023157865, 0.0001340663293376565, 7.121766975615174e-05, 7.410995749523863e-05, 2.5220029783667997e-05, 0.000694233167450875, 0.00011758237815229222, 4.0139562770491466e-05, 3.752713746507652e-05, 6.0353959270287305e-05, 5.0064150855178013e-05, 1.8039567294181325e-05, 7.674816515645944e-06, 0.00022876414004713297, 3.801716957241297e-05, 4.434456423041411e-05, 2.7720439902623184e-05, 0.0003016116679646075, 0.0002019906823989004, 9.821991989156231e-05, 0.00028003560146316886, 4.492445441428572e-05, 0.0014287596568465233, 2.4062184820650145e-05, 0.000671528687234968, 0.00020927947480231524, 6.427245534723625e-05, 0.00016440602485090494, 8.197642455343157e-05, 4.689995330409147e-05, 0.00017148350889328867, 0.00022284073929768056, 6.631267751799896e-05, 4.700300269178115e-05, 1.3889950423617847e-05, 5.265429354039952e-05, 3.526169894030318e-05, 0.00014434724289458245, 0.0001053505257004872, 7.844550418667495e-05, 9.16706703719683e-05, 2.741035132203251e-05, 0.0001341966271866113, 5.278412936604582e-05, 7.937168993521482e-05, 3.0833864002488554e-05, 3.6478366382652894e-05, 2.3616677935933694e-05, 9.929151565302163e-05, 5.425808922154829e-05, 9.779412357602268e-05, 9.781217522686347e-05, 0.0001061510483850725, 3.635782195487991e-05, 1.726641676214058e-05, 2.755786044872366e-05, 3.523644045344554e-05, 1.8622627976583317e-05, 0.0002008549781749025, 8.342547516804188e-05, 4.8729911213740706e-05, 3.8870850403327495e-05, 0.00026483656256459653, 1.3082611076242756e-05, 5.715927545679733e-05, 2.607424721645657e-05, 1.3032824426773004e-05, 1.812407572288066e-05, 3.680106965475716e-05, 1.9513758161338046e-05, 5.031308683101088e-05, 3.3662719943095e-05, 1.4719695172971115e-05, 8.17612381069921e-05, 4.572812395053916e-05, 4.252197686582804e-05, 5.831232920172624e-05, 7.940739305922762e-05, 0.0003062229370698333, 9.465048060519621e-05, 6.188074621604756e-05, 9.889378998195753e-05, 0.00010759389260783792, 0.0035779031459242105, 8.762046491028741e-05, 4.154684575041756e-05, 3.7791185604874045e-05, 8.076212543528527e-05, 8.428532601101324e-05, 0.00014036234642844647, 6.62373859086074e-05, 0.00014347494288813323, 0.0002348741254536435, 0.0011802108492702246, 4.594702477334067e-05, 3.3256317692575976e-05, 4.756575799547136e-05, 3.998145621153526e-05, 5.3709973144577816e-05, 3.1276216759579256e-05, 6.751864566467702e-05, 6.970943650230765e-05, 4.445166632649489e-05, 9.115569991990924e-05, 0.00012297960347495973, 0.0004214637738186866, 0.0002495900262147188, 9.316871000919491e-05, 0.0001562275574542582, 0.0002450430183671415, 4.4711792725138366e-05, 8.158886339515448e-05, 8.050737233133987e-05, 8.102566789602861e-05, 0.0002857960935216397, 0.0005656314315274358, 4.333306060289033e-05, 5.069267353974283e-05, 0.00033521302975714207, 7.781744352541864e-05, 0.000610306509770453, 0.00014964643924031407, 0.00015246773546095937, 0.00011219816951779649, 0.0001231644710060209, 7.671991625102237e-05, 7.506366819143295e-05, 2.3242273528012447e-05, 3.482726606307551e-05, 8.262893970822915e-05, 0.0002638628357090056, 0.0002583606110420078, 0.0024271192960441113, 0.00021026089962106198, 0.00018663496302906424, 6.295218190643936e-05, 0.00010911460412899032, 0.00023221819719765335, 0.00017228639626409858, 0.0001397906889906153, 0.0001245591411134228, 2.423475234536454e-05, 1.4238434232538566e-05, 0.0003651847073342651, 0.00015723380784038454, 0.00016319182759616524, 2.2177529899636284e-05, 0.00010808480146806687, 7.878283940954134e-05, 0.00013916422904003412, 0.0032313382253050804, 7.624241698067635e-05, 8.704034553375095e-05, 4.3284555431455374e-05, 0.00012801476987078786, 2.908503847720567e-05, 9.707935532787815e-05, 0.00038931143353693187, 5.0264068704564124e-05, 5.6044031225610524e-05, 9.616570605430752e-05, 4.830398393096402e-05, 0.004290344659239054, 2.0123385183978826e-05, 1.2079597581760027e-05, 2.3886868802946992e-05, 0.002320710802450776, 1.3588787624030374e-05, 0.00014812269364483654, 2.5321525754407048e-05, 2.955602394649759e-05, 0.00010169880260946229, 1.958272150659468e-05, 6.900699372636154e-05, 3.184310844517313e-05, 6.009998105582781e-05, 3.3970172808039933e-05, 2.7409372705733404e-05, 2.7482674340717494e-05, 6.864166061859578e-05, 0.00011881453247042373, 2.1539628505706787e-05, 7.457113679265603e-05, 6.459787982748821e-05, 0.00011266868386883289, 4.775320485350676e-05, 5.773049997515045e-05, 3.931922765332274e-05, 0.00011646893108263612, 0.00023642226005904377, 2.3317179511650465e-05, 3.126914816675708e-05, 3.745737922145054e-05, 