{"step": 800, "timestamp": 1745792462.2230556, "attention": [0.4137340784072876, 0.0007014783332124352, 0.00021600259060505778, 5.144576061866246e-05, 0.0001006048041745089, 0.00033976498525589705, 8.171860099537298e-05, 1.2350607903499622e-05, 0.0001687212788965553, 7.001221092650667e-05, 1.7850807125796564e-05, 7.026610091998009e-06, 1.2844186130678281e-05, 1.6807745851110667e-05, 0.0001738161372486502, 2.7770989618147723e-05, 2.530209530959837e-05, 0.00020470606978051364, 8.862543836585246e-06, 7.881660712882876e-05, 9.482728637522087e-05, 3.444675530772656e-05, 0.00017257433501072228, 2.870982643798925e-05, 0.00012019214045722038, 2.5725987143232487e-05, 0.00010191620094701648, 4.275510582374409e-05, 1.9418912415858358e-05, 6.550498073920608e-05, 0.000271356402663514, 3.832094807876274e-05, 3.2336531148757786e-05, 0.0001594853529240936, 0.00010676478268578649, 4.688435001298785e-05, 0.0006353313219733536, 0.00026755573344416916, 3.3752065064618364e-05, 8.672010153532028e-05, 0.00016776243865024298, 2.1152893168618903e-05, 8.290591358672827e-05, 6.865981413284317e-05, 3.2235722756013274e-05, 3.55563715856988e-05, 6.121421756688505e-05, 4.7003806685097516e-05, 2.704645521589555e-05, 0.00023830338614061475, 6.906375347170979e-05, 5.4579850257141516e-05, 8.119030098896474e-05, 0.0002836408093571663, 9.669229621067643e-05, 6.344285066006705e-05, 6.445253529818729e-05, 2.7133799449075013e-05, 8.719094330444932e-05, 8.523173164576292e-05, 1.6273323126370087e-05, 1.6953228623606265e-05, 4.180386531515978e-05, 2.3934218916110694e-05, 6.445102917496115e-05, 1.967982461792417e-05, 6.750121247023344e-05, 2.2141379304230213e-05, 7.035947874101112e-06, 8.229842933360487e-05, 4.127122156205587e-05, 1.954110848600976e-05, 0.0001314953260589391, 5.8470213843975216e-05, 8.529797014489304e-06, 9.863126251730137e-06, 3.339092290843837e-05, 2.6214187528239563e-05, 3.117630330962129e-05, 3.249391011195257e-05, 6.9114648795221e-06, 1.1243427252338734e-05, 3.36526136379689e-05, 3.365900192875415e-05, 1.9065502783632837e-05, 1.1952248314628378e-05, 0.0001081830559996888, 4.410698966239579e-05, 4.2956755351042375e-05, 2.158547067665495e-05, 7.088723941706121e-05, 1.2758810953528155e-05, 2.5214461857103743e-05, 1.396414063492557e-05, 1.764989792718552e-05, 8.391655137529597e-05, 0.002445927122607827, 3.228121204301715e-05, 5.818763384013437e-05, 1.2814411093131639e-05, 2.2398402506951243e-05, 6.370878691086546e-05, 4.6841989387758076e-05, 3.0132905521895736e-05, 5.316744136507623e-05, 1.5025725588202477e-05, 2.4016630050027743e-05, 2.111747562594246e-05, 0.001293607521802187, 3.1556832254864275e-05, 1.6156098354258575e-05, 2.7847199817188084e-05, 2.3505199351347983e-05, 7.3511469054210465e-06, 0.0003456715203355998, 1.8721355445450172e-05, 3.776590892812237e-05, 1.4096460290602408e-05, 3.998557440354489e-05, 1.2368765965220518e-05, 1.6490297639393248e-05, 9.356967893836554e-06, 9.086894351639785e-06, 8.183072350220755e-05, 2.8204529371578246e-05, 1.4378872947418131e-05, 2.933979885710869e-05, 1.540463745186571e-05, 1.5178200555965304e-05, 3.316217407700606e-05, 0.00014411751180887222, 2.3656628400203772e-05, 3.455105616012588e-05, 3.159056723234244e-05, 1.1526179150678217e-05, 1.0770180779218208e-05, 1.4615932741435245e-05, 2.139255047950428e-05, 0.00043317335075698793, 2.4244232918135822e-05, 3.460818334133364e-05, 8.095711564237718e-06, 1.3436857443593908e-05, 4.481527139432728e-05, 2.928413960034959e-05, 5.0160382670583203e-05, 3.632488733273931e-05, 2.31904887186829e-05, 2.5496108719380572e-05, 3.823717634077184e-05, 3.235748226870783e-05, 3.917477442882955e-05, 0.0006080270977690816, 2.654528543644119e-05, 3.1267063604900613e-05, 2.8792046578018926e-05, 2.820040754158981e-05, 4.545542105915956e-05, 3.832157744909637e-05, 1.0053928235720377e-05, 6.806523742852733e-05, 3.2707761420169845e-05, 3.20022227242589e-05, 2.0198471247567795e-05, 0.0001709823263809085, 6.144570943433791e-05, 1.5681258446420543e-05, 8.094166696537286e-05, 2.7645312002277933e-05, 0.0003815031668636948, 1.2348863492661621e-05, 0.0001347538927802816, 3.117297092103399e-05, 1.510048059572e-05, 2.1104335246491246e-05, 1.953623905137647e-05, 1.5865018212934956e-05, 2.0412495359778404e-05, 3.129231481580064e-05, 5.777984915766865e-05, 2.0041834432049654e-05, 2.743145614658715e-06, 3.5771892726188526e-05, 1.448724651709199e-05, 6.58776771160774e-05, 9.10631861188449e-05, 5.092743595014326e-05, 7.800191815476865e-05, 1.7455491615692154e-05, 7.237643148982897e-05, 5.945510929450393e-05, 3.037013448192738e-05, 1.1474193343019579e-05, 2.359168865950778e-05, 7.424252999044256e-06, 4.767085920320824e-05, 5.353197775548324e-05, 5.758510815212503e-05, 2.1137908333912492e-05, 4.83871262986213e-05, 2.7200032491236925e-05, 2.222077819169499e-05, 5.65240225114394e-05, 3.756378646357916e-05, 5.756232440035092e-06, 8.625791815575212e-05, 3.6038258258486167e-05, 3.2938965887296945e-05, 2.4147975636878982e-05, 5.59574764338322e-05, 7.0707947088521905e-06, 1.5748300938867033e-05, 1.239787343365606e-05, 9.719554327602964e-06, 2.3508149752160534e-05, 3.954202475142665e-05, 1.534688999527134e-05, 1.9232491467846557e-05, 1.7858179489849135e-05, 1.082455855794251e-05, 0.0001055236643878743, 4.734881076728925e-05, 2.7587380827753805e-05, 3.852376903523691e-05, 2.965016756206751e-05, 0.0001416249288013205, 9.224560199072585e-05, 5.56935956410598e-05, 0.00011490625911392272, 9.640937059884891e-05, 0.0014033077750355005, 0.00010303358430974185, 3.26580811815802e-05, 7.400109461741522e-05, 6.210133869899437e-05, 6.52789676678367e-05, 4.3984106014249846e-05, 3.2125804864335805e-05, 9.88230385701172e-05, 9.722272807266563e-05, 0.0005117119872011244, 5.1151895604562014e-05, 3.3435535442549735e-05, 9.95919544948265e-05, 3.310667671030387e-05, 4.8253255954477936e-05, 3.674910476547666e-05, 0.00012683810200542212, 5.5934862757567316e-05, 2.843691072484944e-05, 3.0487874028040096e-05, 1.6715417586965486e-05, 6.202763324836269e-05, 1.4518019270326477e-05, 2.7265397875453345e-05, 7.581361569464207e-05, 3.167632894474082e-05, 1.7850721633294597e-05, 3.880353324348107e-05, 1.8954233382828534e-05, 5.717824387829751e-05, 9.98703035293147e-05, 7.637299131602049e-05, 4.939426435157657e-05, 2.7221598429605365e-05, 9.818733087740839e-05, 2.7047422918258235e-05, 0.0002718555915635079, 4.9864891479955986e-05, 4.351630559540354e-05, 2.209539889008738e-05, 3.2107327569974586e-05, 3.5171284253010526e-05, 2.944053449027706e-05, 7.103967618604656e-06, 2.6025370971183293e-05, 5.014063935959712e-05, 0.00022355113469529897, 6.526889774249867e-05, 0.0013044980587437749, 0.00011794846795964986, 5.678315574186854e-05, 3.0185938157956116e-05, 2.424955164315179e-05, 0.00012542546028271317, 0.00012841526768170297, 9.136883454630151e-05, 4.979587538400665e-05, 4.307749622967094e-05, 2.337880141567439e-05, 7.11840984877199e-05, 0.0001466565445298329, 6.436354306060821e-05, 9.421750291949138e-06, 0.00010745442705228925, 0.00010873971768887714, 0.00014824890240561217, 0.0023862358648329973, 0.00012660732318181545, 7.40627438062802e-05, 2.5383040338056162e-05, 3.539418685249984e-05, 2.4403430870734155e-05, 0.00016592688916716725, 0.0003268454456701875, 9.154616418527439e-05, 7.725213799858466e-05, 9.691064769867808e-05, 6.415622192434967e-05, 0.0021863162983208895, 3.9766993722878397e-05, 1.9296094251330942e-05, 2.057903475360945e-05, 0.002114230766892433, 2.2998536223894916e-05, 8.582601003581658e-05, 2.0475166820688173e-05, 5.2694729674840346e-05, 0.00010262155410600826, 2.2795196855440736e-05, 7.290079520316795e-05, 1.9256101950304583e-05, 4.8765999963507056e-05, 2.0657949789892882e-05, 2.261813460791018e-05, 2.4180404579965398e-05, 2.3134323782869615e-05, 3.967895463574678e-05, 2.7412463168730028e-05, 5.2689701988128945e-05, 6.455381662817672e-05, 7.661846757400781e-05, 3.59153127647005e-05, 3.765798464883119e-05, 2.0402219888637774e-05, 0.0001527283457107842, 5.58683204872068e-05, 3.229361027479172e-05, 4.272857040632516e-05, 4.046531830681488e-05, 