{"step": 650, "timestamp": 1745792452.6546538, "attention": [0.514609694480896, 0.0008678267477080226, 0.00013049312110524625, 1.588588384038303e-05, 1.4572315194527619e-05, 9.591795242158696e-05, 2.6702969989855774e-05, 1.0149152330996003e-05, 2.022021362790838e-05, 1.957096901605837e-05, 1.2026614058413543e-05, 4.621150765160564e-06, 1.1972135325777344e-05, 4.063716914970428e-06, 2.3915115889394656e-05, 1.405262628395576e-05, 5.10650397700374e-06, 2.5001516405609436e-05, 1.9503770545270527e-06, 1.5330257156165317e-05, 1.5949128282954916e-05, 1.567854815220926e-05, 8.972671821538825e-06, 7.126610398699995e-06, 1.304350826103473e-05, 6.2229532886703964e-06, 9.90061744232662e-06, 2.648731197041343e-06, 2.3162569959822576e-06, 1.3726977158512454e-05, 2.527623473724816e-05, 4.82933537568897e-05, 3.173926961608231e-05, 2.028704693657346e-05, 2.6621737561072223e-05, 9.812160897126887e-06, 4.732502929982729e-05, 3.554376235115342e-05, 5.199187853577314e-06, 2.294273508596234e-05, 4.848944445257075e-05, 4.627990620065248e-06, 7.015948995103827e-06, 5.091390266898088e-05, 9.104199307330418e-06, 1.5275669284164906e-05, 1.2929922377225012e-05, 1.7981408745981753e-05, 2.4894525267882273e-06, 2.7360147214494646e-05, 3.095213833148591e-05, 6.737703643011628e-06, 2.161141765100183e-06, 5.6677861721254885e-05, 2.6084118871949613e-05, 2.7885274903383106e-05, 7.5478365033632144e-06, 4.430050466908142e-06, 1.370259724353673e-05, 5.408393917605281e-06, 1.3214339560363442e-06, 1.7344552816211944e-06, 8.722413440409582e-06, 1.1189683391421568e-05, 2.9443726816680282e-05, 6.529171059810324e-06, 2.919759754149709e-05, 2.0800578568014316e-05, 4.771810836246004e-06, 3.219225982320495e-05, 2.7816231522592716e-05, 1.2310198144405149e-05, 9.740163659444079e-05, 0.00010284510062774643, 1.652405808272306e-05, 9.183655492961407e-06, 3.610157364164479e-05, 7.09352534613572e-05, 0.00012537665315903723, 4.403860657475889e-05, 1.346652425127104e-05, 8.978560799732804e-06, 2.115252209478058e-05, 2.179304283345118e-05, 1.7474221749580465e-05, 9.487241186434403e-06, 4.569680822896771e-05, 5.327810868038796e-05, 6.963182386243716e-06, 1.996966966544278e-05, 4.7944697143975645e-05, 8.596482985012699e-06, 2.1524418116314337e-05, 1.232873819390079e-05, 5.884752681595273e-06, 1.0023156391980592e-05, 0.001567998668178916, 2.236456384707708e-05, 1.1500615073600784e-05, 4.118442120670807e-06, 4.593595349433599e-06, 1.4958812244003639e-05, 3.175566962454468e-05, 1.2522401448222809e-05, 1.1331647328916006e-05, 3.2508444292034255e-06, 3.223383373551769e-06, 5.654474534821929e-06, 0.0004098879871889949, 6.037223556631943e-06, 4.422355686983792e-06, 3.048604867217364e-06, 5.256555596133694e-06, 5.354030236048857e-06, 0.00018820968398358673, 6.395455329766264e-06, 5.488544502441073e-06, 3.748240942513803e-06, 8.480164069624152e-06, 3.785351054830244e-06, 6.1033824749756604e-06, 5.288960437610513e-06, 5.056348527432419e-06, 1.6558267816435546e-05, 1.3522396329790354e-05, 2.8052386369381566e-06, 1.0058870429929812e-05, 6.168706022435799e-06, 4.645464741770411e-06, 6.4173109421972185e-06, 0.00014913265476934612, 6.391308943420881e-06, 2.279840600749594e-06, 3.811938995568198e-06, 1.6020710518205306e-06, 4.035143319924828e-06, 1.4419573744817171e-05, 8.515822628396563e-06, 0.0001253467344213277, 6.01535293753841e-06, 8.290109690278769e-06, 2.7472615329315886e-06, 3.6765220556844724e-06, 3.89993074350059e-05, 1.8407488823868334e-05, 8.3980585259269e-06, 1.9233168131904677e-05, 1.25151636893861e-05, 6.801806193834636e-06, 8.85768258740427e-06, 4.62807383883046e-06, 1.0487953659321647e-05, 8.85268600541167e-05, 1.1480223292892333e-05, 2.2755404643248767e-05, 1.3320301150088198e-05, 3.333212953293696e-05, 2.063250394712668e-05, 4.509853897616267e-05, 8.662620530230924e-06, 1.542157588119153e-05, 6.4448076955159195e-06, 9.514298653812148e-06, 1.982428329938557e-05, 2.5773682864382863e-05, 1.0913488040387165e-05, 5.0549060688354075e-06, 2.4927738195401616e-05, 8.321665518451482e-06, 3.643051240942441e-05, 5.455087830341654e-06, 7.092364830896258e-05, 2.0356965251266956e-05, 1.1284515494480729e-05, 7.086496225383598e-06, 4.00821272705798e-06, 4.151580014877254e-06, 4.4371736294124275e-06, 1.540168705105316e-05, 6.430439680116251e-05, 2.69675838353578e-05, 3.0867217901686672e-06, 6.233549356693402e-06, 4.534654181043152e-06, 1.217117824126035e-05, 3.6682537029264495e-05, 1.4345070667332038e-05, 1.1766236639232375e-05, 3.703156835399568e-06, 1.983283436857164e-05, 3.782853309530765e-05, 3.250199733884074e-05, 2.814434265019372e-05, 3.700459956235136e-06, 2.2365306904248428e-06, 2.221432987425942e-05, 6.740030221408233e-05, 7.273636583704501e-05, 2.7910396966035478e-05, 2.5802632080740295e-05, 2.764646524155978e-05, 9.53167455008952e-06, 4.285791146685369e-05, 4.146384890191257e-05, 1.2611937563633546e-05, 1.9893970602424815e-05, 1.7967155145015568e-05, 7.176465715019731e-06, 7.224533874250483e-06, 1.2843878721469082e-05, 6.076766112528276e-06, 1.2613444596354384e-05, 4.2249710531905293e-05, 1.020449235511478e-05, 2.339257662242744e-05, 6.50236033834517e-05, 3.9351285522570834e-05, 1.189053182315547e-05, 2.9219248972367495e-05, 1.2611631063919049e-05, 4.574014019453898e-05, 4.283536327420734e-05, 3.60340163751971e-05, 2.3107888409867883e-05, 3.039575312868692e-05, 6.315908103715628e-05, 7.849664689274505e-05, 2.6155503292102367e-05, 0.00010413966083433479, 6.261694943532348e-05, 0.0012071967357769608, 6.515387212857604e-05, 1.3766294614470098e-05, 7.435193401761353e-05, 3.5338893212610856e-05, 1.6838668670970947e-05, 4.8539088311372325e-05, 1.9786464690696448e-05, 1.8568573068478145e-05, 7.849434041418135e-06, 0.0002589606447145343, 3.3587805319257313e-06, 3.516238621159573e-06, 1.6524671082152054e-05, 9.356997907161713e-06, 5.7691986512509175e-06, 1.0392683179816231e-05, 3.442906017880887e-05, 1.4566290701623075e-05, 6.549305908265524e-06, 1.0045458111562766e-05, 1.0695174751162995e-05, 2.639588637975976e-05, 7.188492418208625e-06, 8.908225026971195e-06, 3.66070780728478e-05, 1.8719198124017566e-05, 3.075606218772009e-05, 7.360899326158687e-05, 3.2599189580651e-05, 9.71135432337178e-06, 4.7555466153426096e-05, 1.4845668374618981e-05, 3.5362822927709203e-06, 5.426505140349036e-06, 1.8856315364246257e-05, 6.8875756369379815e-06, 8.157487900462002e-05, 1.944185896718409e-05, 8.90465253178263e-06, 1.0755492439784575e-05, 1.4327534699987154e-05, 2.2816971977590583e-05, 1.1453198567323852e-05, 8.030523531488143e-06, 8.781295946391765e-06, 1.1545005691004917e-05, 2.8347674742690288e-05, 1.620871807972435e-05, 0.0007042269571684301, 5.189988951315172e-05, 1.7754980945028365e-05, 1.0585762538539711e-05, 5.729260919906665e-06, 1.530365443613846e-05, 1.110286575567443e-05, 8.294263352581766e-06, 7.759722393529955e-06, 2.034268618444912e-05, 6.555781510542147e-06, 1.3020999176660553e-05, 2.1869433112442493e-05, 3.578190808184445e-05, 6.266111086006276e-06, 9.015475370688364e-06, 1.2234133464517072e-05, 1.579925992700737e-05, 0.001639509224332869, 9.870518624666147e-06, 1.7967866369872354e-05, 6.529368874907959e-06, 1.3569521797762718e-05, 7.682857358304318e-06, 5.762332148151472e-05, 6.294689956121147e-05, 3.7371533835539594e-05, 1.6094718375825323e-05, 4.4163225538795814e-05, 1.252900983672589e-05, 0.001494754571467638, 1.9346451153978705e-05, 9.470101758779492e-06, 9.822367246670183e-06, 0.0013704835437238216, 1.9105698811472394e-05, 1.7926282453117892e-05, 1.9668208551593125e-05, 2.3173135559773073e-05, 9.577673336025327e-05, 4.083105159224942e-05, 1.7639677025726996e-05, 3.5933197068516165e-05, 2.4697626940906048e-05, 3.509080852381885e-05, 3.312351327622309e-05, 2.7037987820222043e-05, 3.5875655157724395e-05, 2.45666869886918e-05, 3.319184179417789e-05, 5.5668646382400766e-05, 9.412276995135471e-05, 0.00010050820128526539, 3.863373785861768e-05, 4.900411295238882e-05, 3.592145367292687e-05, 7.617556548211724e-05, 5.979226989438757e-05, 2.530429992475547e-05, 2.9311679099919274e-05, 2.7113244868814945e-05, 