{"step": 300, "timestamp": 1745707553.795049, "attention": [0.378511518239975, 0.11288987845182419, 0.00048607008648104966, 0.00046204589307308197, 0.00024422554997727275, 0.0001696364488452673, 0.00020083431445527822, 0.0002877142687793821, 0.00027002484421245754, 0.00014532780915033072, 0.0006905524642206728, 0.00046730597387067974, 0.00010317566193407401, 0.00021171694970689714, 0.00027531274827197194, 0.00022858954616822302, 0.00011096403613919392, 6.741588731529191e-05, 0.00010743735765572637, 0.0001339784066658467, 0.00031173782190307975, 0.00044246818288229406, 0.00011202074529137462, 0.0002791874867398292, 0.0001945132971741259, 0.00013345552724786103, 0.0004908176488243043, 0.0001525799452792853, 0.0001744288019835949, 0.0002599794534035027, 0.0006637767073698342, 0.0001125462367781438, 0.00045262157800607383, 0.0002189412189181894, 0.00011746767995646223, 0.00011119505506940186, 4.9167665565619245e-05, 0.0001426979579264298, 0.00033995811827480793, 0.0004400034376885742, 0.0010796856367960572, 0.00019489215628709644, 0.0002475051151122898, 0.00023938220692798495, 0.0001731655211187899, 0.0006135592120699584, 0.0001314971159445122, 4.104452455067076e-05, 2.0996540115447715e-05, 0.0003534797579050064, 0.00016728263290133327, 0.0002486598095856607, 0.0003434342797845602, 0.00025940738851204515, 0.00023622935987077653, 0.0002931722265202552, 0.0003803962317761034, 5.9050245909020305e-05, 4.518060450209305e-05, 3.479694714769721e-05, 0.00015852783690206707, 0.00010695973469410092, 3.838198972516693e-05, 1.5117344446480274e-05, 0.00027269977726973593, 0.0004078107886016369, 0.000264028727542609, 0.0002308273978997022, 6.361320265568793e-05, 0.00011682596959872171, 0.0001417693856637925, 0.0002460337127558887, 0.00016585754929110408, 6.300881796050817e-05, 3.120442488580011e-05, 0.0001355528220301494, 0.0005485430592671037, 0.00020990772463846952, 0.0002130816865246743, 0.00010350340016884729, 0.00015986680227797478, 0.00013751914957538247, 7.051981083350256e-05, 0.0005715677398256958, 0.00011024592822650447, 4.725559483631514e-05, 7.739267311990261e-05, 9.352507186122239e-05, 0.0002478423702996224, 4.7140107199084014e-05, 9.946287173079327e-05, 6.044223846402019e-05, 0.0003057040157727897, 0.0007419418543577194, 0.00024696681066416204, 0.00012997585872653872, 0.0005564817111007869, 0.0001696266990620643, 0.00034904794301837683, 0.0001745683839544654, 6.130607653176412e-05, 6.524201307911426e-05, 0.000109324355435092, 0.0001825500512495637, 5.016490104026161e-05, 0.00010967320849886164, 0.00033199359313584864, 0.0001350405946141109, 0.0001375060382997617, 5.871794928680174e-05, 9.176030289381742e-05, 2.9183771403040737e-05, 4.6506749640684575e-05, 9.230081923305988e-05, 0.00014618026034440845, 3.591334098018706e-05, 0.0004220917180646211, 5.1845745474565774e-05, 7.738175918348134e-05, 3.1480827601626515e-05, 0.0006316594663076103, 0.0011128312908113003, 0.0003204349777661264, 0.0002944297739304602, 0.0005985499010421336, 0.0019012043485417962, 7.622927660122514e-05, 0.00804256834089756, 0.0018589403480291367, 0.0002333432639716193, 0.0006601260975003242, 6.615024176426232e-05, 0.005177528131753206, 0.0012044463073834777, 0.0008239011513069272, 0.0003467139322310686, 0.0002350157155888155, 0.00030477147083729506, 0.00032214383827522397, 0.0003513547999318689, 0.00023752379638608545, 0.0006450919900089502, 0.0003246054984629154, 0.0007847629021853209, 0.0003222170635126531, 0.00028388923965394497, 0.00027940492145717144, 0.001038690796121955, 0.0003938301233574748, 0.00020556134404614568, 0.0011308328248560429, 0.00021978560835123062, 0.00031472588307224214, 0.000260638480540365, 0.00025347410701215267, 0.00028266810113564134, 0.000495734391734004, 0.0026513533666729927, 0.0003027584752999246, 0.000275569997029379, 0.0001232853246619925, 0.0001790807000361383, 9.614034206606448e-05, 8.623042958788574e-05, 0.00029827869730070233, 0.00034863848122768104, 0.0006013528909534216, 0.0003329858009237796, 0.0005276913288980722, 0.00028002943145111203, 0.0011391360312700272, 0.0006280152010731399, 0.001729303039610386, 0.0005873459740541875, 0.00043331951019354165, 0.0002591339871287346, 0.0017184221651405096, 0.000796905136667192, 0.0006501016905531287, 0.00035297253634780645, 0.0005309250555001199, 0.00024143204791471362, 0.00039086854667402804, 0.0002448705199640244, 0.00145155587233603, 0.00036385474959388375, 0.000505814969073981, 0.0009544198983348906, 0.00027667719405144453, 8.751952555030584e-05, 0.0003967353841289878, 0.0006308276788331568, 0.001985738752409816, 0.0004062476509716362, 0.001628560246899724, 0.0013715976383537054, 0.0008098298567347229, 0.0007461437489837408, 0.001124792150221765, 0.0004245758755132556, 0.0006303196423687041, 0.0014125281013548374, 8.963145955931395e-05, 0.000888778071384877, 0.0005296379094943404, 0.0003223484382033348, 0.0005513419164344668, 0.0001481607323512435, 0.00030442775459960103, 0.0003265783889219165, 0.00018601679767016321, 0.00042916752863675356, 0.0015579340979456902, 0.0008100855047814548, 0.00033998567960225046, 0.0007537782657891512, 0.001427974901162088, 0.000530521385371685, 0.000514287268742919, 0.0014768769033253193, 0.0009369381587021053, 0.00044845600496046245, 0.00012767387670464814, 0.00031711903284303844, 0.0001938958594109863, 0.000197891378775239, 0.00016986961418297142, 0.00020351423881947994, 0.002144938101992011, 0.0002671235706657171, 0.0009443557355552912, 0.0006918885046616197, 0.0021712349262088537, 0.0011027960572391748, 0.00041827664244920015, 0.0003542197518981993, 0.0006159099284559488, 0.0001557137438794598, 9.354567009722814e-05, 0.0005515454104170203, 0.000698078132700175, 0.001208325382322073, 0.0007334695546887815, 0.001771140145137906, 0.0004690885543823242, 0.0002704912913031876, 0.00025825120974332094, 0.0001448038237867877, 0.00037290359614416957, 0.0004995936760678887, 0.00011781838111346588, 0.0001777923316694796, 9.00422382983379e-05, 0.00011353991430951282, 0.0006904885522089899, 0.0008494551293551922, 0.0011697113513946533, 0.0020207713823765516, 0.007196597754955292, 0.0014199349097907543, 0.0019559015054255724, 0.0026684622280299664, 0.008001022972166538, 0.005872718989849091, 0.005938918795436621, 0.0034533017314970493, 0.017672140151262283, 0.009409114718437195, 0.009088163264095783, 0.013329324312508106, 0.00779687287285924, 0.002519541885703802, 0.0028661848045885563, 0.0030787852592766285, 0.003977675922214985, 0.005894232075661421, 0.004859450738877058, 0.0035318839363753796, 0.0032801334746181965, 0.0017683949554339051, 0.0014410768635571003, 0.0019137447234243155, 0.002768166596069932, 0.001579395728185773, 0.0028549327980726957, 0.001172732561826706, 0.0005631375242955983, 0.002192846965044737, 0.0013301686849445105, 0.0006535490392707288, 0.002170475432649255, 0.002381019527092576, 0.0011305410880595446, 0.002137689385563135, 0.009078222326934338, 0.009688563644886017, 0.009693009778857231, 0.045649126172065735, 0.07020334899425507, 0.09119702875614166]}