{"step": 500, "timestamp": 1745792444.0414877, "attention": [0.3038104176521301, 0.002910702023655176, 0.002181296469643712, 0.00018199888290837407, 0.0001457641483284533, 0.0016522189835086465, 0.00027260981732979417, 4.246040407451801e-05, 0.00016310394858010113, 0.00018301833188161254, 7.44238932384178e-05, 2.6520741812419146e-05, 5.9885871451115236e-05, 2.7408153982833028e-05, 0.0004923087544739246, 0.00014503387501463294, 0.00011310441186651587, 0.0005539528792724013, 2.186332676501479e-05, 0.0003883563622366637, 0.00029851272120140493, 0.00013253143697511405, 0.0003268784494139254, 0.00011326173262204975, 0.0008595386752858758, 0.0005875207716599107, 0.0001503696694271639, 7.2021663072519e-05, 3.4148699342040345e-05, 0.0003459040308371186, 0.0011206899071112275, 0.00010957098857033998, 8.298752800328657e-05, 0.0003127681848127395, 0.00034126287209801376, 0.000265361595666036, 0.000902713043615222, 0.00043882286990992725, 9.118550951825455e-05, 0.00011531566269695759, 0.00030360673554241657, 0.00015221475041471422, 0.00035823992220684886, 0.00020527954620774835, 8.889632590580732e-05, 0.0001027599791996181, 0.00016957592742983252, 0.00029415954486466944, 0.0001078905988833867, 0.0010342687601223588, 0.00028415152337402105, 0.00013486715033650398, 7.617646042490378e-05, 0.001574619091115892, 0.000897280580829829, 0.0005219391314312816, 0.00021419224503915757, 9.84972866717726e-05, 0.00047226069727912545, 0.0005882484838366508, 0.0001764030021149665, 0.00011836483463412151, 0.0009233395103365183, 0.0003012483939528465, 0.0003014306421391666, 0.0001416578161297366, 0.0006484799669124186, 0.0001922926603583619, 5.7272904086858034e-05, 0.0001818713208194822, 0.0001870721607701853, 8.241333853220567e-05, 0.0003354170767124742, 0.00044703096500597894, 0.00012367364251986146, 7.01150274835527e-05, 0.00022243818966671824, 0.0001518378994660452, 0.0002077489043585956, 0.0003339573449920863, 0.00011899290984729305, 0.00011163949238834903, 0.00013477173342835158, 8.887288277037442e-05, 6.860266876174137e-05, 6.639701314270496e-05, 0.0007333198445849121, 0.0013796899002045393, 0.0004139632801525295, 6.59757133689709e-05, 7.529712456744164e-05, 5.2195795433362946e-05, 0.0005681216134689748, 7.292866939678788e-05, 0.0001781454629963264, 0.0003524195053614676, 0.007200738415122032, 0.00015308780712075531, 0.0002048148016911, 4.6759832912357524e-05, 0.0003276872157584876, 0.0012266001431271434, 9.193764708470553e-05, 8.765819802647457e-05, 0.00015000422718003392, 0.00010728509369073436, 0.0002530163910705596, 0.00016909235273487866, 0.002988494001328945, 7.25696882000193e-05, 3.826080865110271e-05, 6.442112498916686e-05, 0.0001560622768010944, 4.9833259254228324e-05, 0.0011078398674726486, 4.031267235404812e-05, 0.00019072876602876931, 0.00017906293214764446, 0.0013062923680990934, 3.43209903803654e-05, 1.968769538507331e-05, 6.34102980257012e-05, 0.00019806763157248497, 0.0011500879190862179, 5.240639075054787e-05, 1.515681196906371e-05, 3.117429150734097e-05, 3.593789369915612e-05, 0.000187188052223064, 0.0002608526556286961, 0.0007936065085232258, 9.168464748654515e-05, 0.0001472379226470366, 3.311104228487238e-05, 2.3402202714351006e-05, 0.00023676027194596827, 0.00010792990360641852, 8.103024447336793e-05, 0.0019076104508712888, 6.149965338408947e-05, 7.40145769668743e-05, 2.007429975492414e-05, 0.00018325242854189128, 0.0003505855274852365, 6.876207771711051e-05, 6.407158798538148e-05, 0.0001370132085867226, 0.000259748863754794, 7.923896191641688e-05, 0.00019281521963421255, 0.00020502324332483113, 0.00016718407277949154, 0.0007753778481855989, 0.00021665944950655103, 0.00015949044609442353, 0.00018668771372176707, 0.00011058340896852314, 0.00026114299544133246, 9.875956311589107e-05, 5.797548874397762e-05, 0.0003710039600264281, 6.301172106759623e-05, 7.624965655850247e-05, 9.6690739155747e-05, 0.0006032301462255418, 0.00039254079456441104, 0.0002476577938068658, 0.0006114274729043245, 0.00016263611905742437, 0.0010902014328166842, 0.00016222290287259966, 0.0032027086708694696, 0.0004933144082315266, 0.00033214938594028354, 0.0006801998824812472, 0.00023760090698488057, 0.00016742014850024134, 0.0002784340176731348, 0.0005410256562754512, 0.000715556088835001, 0.00019493777654133737, 0.00012820291158277541, 0.00012064352631568909, 0.00012375842197798193, 0.0005911826156079769, 0.00033097510458901525, 0.0002892166958190501, 0.0002142725425073877, 0.00014553139044437557, 0.0006828453042544425, 0.00023580732522532344, 0.00012919280561618507, 4.4872496800962836e-05, 4.340002851677127e-05, 5.095784581499174e-05, 0.00019831361714750528, 0.0003406667965464294, 0.0004377696313895285, 0.0002143938618246466, 0.0005906673613935709, 0.00020339590264484286, 9.160974150290713e-05, 0.00011915349750779569, 8.941158012021333e-05, 4.797661313205026e-05, 0.0006276500644162297, 0.00018254917813465, 0.00014083541464060545, 0.0002256942680105567, 0.0004393030540086329, 5.3380314056994393e-05, 0.00039838862721808255, 0.00010642199777066708, 4.536351843853481e-05, 6.510895764222369e-05, 0.0001345534110441804, 7.747566269244999e-05, 0.0002400875964667648, 9.320354729425162e-05, 4.444578371476382e-05, 0.00024054275127127767, 9.472692181589082e-05, 0.0001347321376670152, 0.00029349850956350565, 0.00019987874838989228, 0.00015314033953472972, 0.00026153578073717654, 0.00030274532036855817, 0.000512411177624017, 0.00021361584367696196, 0.007120417896658182, 0.00021436861425172538, 0.0001159261300927028, 0.00011794768215622753, 0.00020821239741053432, 0.0003762989363167435, 0.00026474567130208015, 0.00022154246107675135, 0.00033953230013139546, 0.00046881288290023804, 0.0017789279809221625, 9.436010441277176e-05, 0.00011446853750385344, 0.0002052712661679834, 0.0001845458464231342, 0.00022202575928531587, 7.46578152757138e-05, 0.00024022218713071197, 0.00017059508536476642, 0.00022075531887821853, 0.00014908694720361382, 0.0003716934588737786, 0.0005303074140101671, 0.00045148885692469776, 0.0007830989779904485, 0.0005348176928237081, 0.0003522202605381608, 0.0002475417568348348, 0.0002358830679440871, 0.0002495652006473392, 0.0004329022776801139, 0.0006154021830298007, 0.00024038401897996664, 8.714067371329293e-05, 0.0001604734279680997, 0.0002733010915108025, 0.0003083051706198603, 0.0008152948576025665, 0.0001455514575354755, 7.370159437414259e-05, 0.00011671770334942266, 0.00020470544404815882, 8.855314808897674e-05, 5.373593739932403e-05, 3.0318475182866678e-05, 6.0784681409131736e-05, 0.0001452245778637007, 0.0013483584625646472, 0.0006462338496930897, 0.00796362105756998, 0.00018944893963634968, 0.00018792589253280312, 0.00013055669842287898, 0.00016499073535669595, 0.0004485424142330885, 0.00026978051755577326, 0.00017612426017876714, 0.00023111968766897917, 0.00012773476191796362, 6.434499664464965e-05, 0.0003522631013765931, 0.0014544129371643066, 0.0009351893677376211, 0.00013385248894337565, 0.0007346131606027484, 0.00034473135019652545, 0.00025942755746655166, 0.008726038038730621, 0.0002358736819587648, 0.0005164096946828067, 0.00015320633247029036, 0.00026197294937446713, 0.00014977954560890794, 0.0005678915767930448, 0.0008706237422302365, 0.00035432647564448416, 0.0003547474625520408, 0.0013813736150041223, 0.0003238517965655774, 0.006759529002010822, 0.0002565239556133747, 0.00011507124872878194, 0.0001249313645530492, 0.006883753929287195, 5.9176312788622454e-05, 4.9025664338842034e-05, 0.00012019577116006985, 0.0001651990314712748, 0.0004236107924953103, 9.848731133388355e-05, 0.00017425361147616059, 0.00016142349340952933, 0.00021826414740644395, 0.000128207218949683, 0.00013205532741267234, 9.842327563092113e-05, 4.693619121098891e-05, 6.49037174298428e-05, 6.513841799460351e-05, 9.264158870792016e-05, 0.0001558343938086182, 0.0003217599878553301, 0.00017499443492852151, 0.00013157218927517533, 0.00013437957386486232, 0.0018068914068862796, 0.000530953286215663, 0.00010735810792539269, 0.00014421436935663223, 0.0001177316953544505, 0.00020752809359692037, 