{"step": 350, "timestamp": 1745792436.3921423, "attention": [0.5396970510482788, 0.0013826630311086774, 0.00016163819236680865, 0.00013116589980199933, 0.00020024500554427505, 0.0014765593223273754, 0.00036558604915626347, 8.721631456864998e-05, 0.00016809633234515786, 0.00019958222401328385, 0.000152658176375553, 8.363708184333518e-05, 0.00011156631808262318, 0.00011251138494117185, 0.0003165912348777056, 0.0002082369610434398, 0.00018172917771153152, 0.00024902730365283787, 6.685855623800308e-05, 0.00027523303288035095, 0.00038916204357519746, 0.00016914519073907286, 0.00018148767412640154, 0.00023958277597557753, 0.0005893665365874767, 0.00020060973474755883, 0.00015825848095119, 0.00020763211068697274, 0.0001808193337637931, 0.0004622631531674415, 0.0006704020779579878, 0.0004007546231150627, 0.00027032155776396394, 0.00026347939274273813, 0.0009816718520596623, 0.0006385873421095312, 0.0005916447844356298, 0.00033983640605583787, 0.00012288383732084185, 0.0002456776855979115, 0.00023226930352393538, 0.00019403804617468268, 8.045446156756952e-05, 0.00013866170775145292, 4.139064549235627e-05, 0.00010398851736681536, 0.0002166172198485583, 0.00039291492430493236, 0.0005304848891682923, 0.0005250520189292729, 0.00028799741994589567, 8.494703797623515e-05, 4.88083423988428e-05, 0.0005125987809151411, 0.0004976469208486378, 0.0002632373943924904, 0.0001510774891357869, 0.00012035959662171081, 0.0001093338942155242, 0.00010609753371682018, 8.444059494649991e-05, 6.541833863593638e-05, 7.435471343342215e-05, 0.0001254451199201867, 0.0001522607635706663, 0.0001060629147104919, 0.00020700556342490017, 0.0002165270852856338, 0.00012440409045666456, 9.82695710263215e-05, 0.00013234795187599957, 9.988081728806719e-05, 0.00020709318050649017, 0.0003925829369109124, 9.428132034372538e-05, 4.63292162748985e-05, 6.360107363434508e-05, 0.00010719819692894816, 0.0001383195340167731, 0.0002452879271004349, 0.00016660630353726447, 0.0001666648022364825, 0.00014285209181252867, 6.943175685591996e-05, 3.8864731322973967e-05, 5.522430001292378e-05, 0.00037780910497531295, 0.0002012568002101034, 6.993007991695777e-05, 0.00011670534877339378, 5.948905891273171e-05, 0.00016657578817103058, 0.0002739229239523411, 0.00010471756104379892, 0.00011730912956409156, 0.00010969064896926284, 0.003813202725723386, 0.00018624652875587344, 0.0002260022156406194, 7.519796781707555e-05, 0.00010303031740477309, 0.00014682943583466113, 0.0001645613374421373, 0.0002103584847645834, 0.00021139340242370963, 0.00021529418881982565, 0.0002701974590308964, 0.00026359246112406254, 0.0013946301769465208, 0.00022382306633517146, 0.0002191484672948718, 0.00022373217507265508, 0.00019962622900493443, 0.00017078733071684837, 0.0007453056168742478, 0.0003089267120230943, 0.00014053484483156353, 0.00011065456783398986, 0.00020462635438889265, 8.71528682182543e-05, 4.654618533095345e-05, 0.00010178130469284952, 0.00012127692752983421, 0.000385951716452837, 0.00023307172523345798, 4.83238763990812e-05, 9.254473116016015e-05, 0.00013624285929836333, 0.00010177412332268432, 0.00012648545089177787, 0.0008276207954622805, 0.00010174609633395448, 8.500467811245471e-05, 6.14997697994113e-05, 4.442130011739209e-05, 8.981303835753351e-05, 0.00017140017007477582, 9.498288272880018e-05, 0.0009638558840379119, 5.4931591876083985e-05, 0.0001526136475149542, 3.9435668441001326e-05, 7.357807771768421e-05, 0.0003341982082929462, 7.42806660127826e-05, 7.07137951394543e-05, 9.211194992531091e-05, 0.00010722970182541758, 0.00017172469233628362, 0.00012736808275803924, 0.00011617282871156931, 0.00011502411507535726, 0.0003825286403298378, 0.00014496191579382867, 0.00026323235942982137, 0.0002237550652353093, 9.426946053281426e-05, 0.00016285962192341685, 8.52268494782038e-05, 8.93011674634181e-05, 0.00010924914386123419, 7.726864714641124e-05, 0.00010082212975248694, 0.00012610346311703324, 0.00029878184432163835, 0.00027373238117434084, 0.0007898532203398645, 0.00048757740296423435, 0.0002900823892559856, 0.0005903413984924555, 0.00020623514137696475, 0.0010067145340144634, 0.00074471888365224, 0.0005952395731583238, 0.0001975034101633355, 0.00013076628965791315, 0.00010601186659187078, 2.7778951334767044e-05, 0.0001022572978399694, 0.0004717488482128829, 0.00021051630028523505, 8.116949902614579e-05, 0.00010820257739396766, 0.0001092392994905822, 0.00012525520287454128, 0.00021788461890537292, 0.00021036229736637324, 0.0001239360572071746, 0.00011175692634424195, 0.00013090515858493745, 0.0002936365199275315, 0.00019158274517394602, 9.697607310954481e-05, 9.340687392977998e-05, 0.00010577181819826365, 0.00014026308781467378, 0.00028448933153413236, 0.00044666859321296215, 0.0001814427087083459, 0.00013237461098469794, 0.00018946027557831258, 6.0667371144518256e-05, 8.721134508959949e-05, 0.00010379661398474127, 0.00010784468031488359, 0.00022681949485559016, 0.00016620328824501485, 0.00012995576253160834, 4.7142457333393395e-05, 0.0001457373728044331, 0.0001168556627817452, 0.00012453715316951275, 0.0002701480989344418, 0.0001314079127041623, 0.00011699178139679134, 0.0004907205584459007, 0.0003152526041958481, 0.00013022996427025646, 0.0002449805324431509, 9.601072815712541e-05, 0.0001343113835901022, 5.894356581848115e-05, 9.41081962082535e-05, 9.46066138567403e-05, 0.00029665796319022775, 0.0003967279626522213, 0.00023391186550725251, 8.168780914274976e-05, 0.00030359087395481765, 0.0001655972737353295, 0.003055220702663064, 0.00015253611491061747, 0.00012299284571781754, 7.445728260790929e-05, 0.00018187740352004766, 0.00011939495743717998, 0.0004977628705091774, 0.00021413991635199636, 0.0001444480149075389, 9.015194518724456e-05, 0.0012876309920102358, 7.799828017596155e-05, 9.660470095695928e-05, 0.0002677618176676333, 0.0001888878468889743, 0.00011759754124796018, 0.00012186576350359246, 0.0006716727511957288, 0.0007394544081762433, 0.00030774541664868593, 0.0010462887585163116, 0.0004555672057904303, 0.00024303069221787155, 0.0002626378263812512, 0.00021526617638301104, 0.0004937097546644509, 0.0004614375648088753, 0.0003937682486139238, 0.00021966629719827324, 0.0002282413188368082, 0.00029721634928137064, 0.0008361215586774051, 0.000295295991236344, 9.846547618508339e-05, 9.315231000073254e-05, 0.0002232636761618778, 0.0001294897956540808, 0.0004389366367831826, 0.0004341333988122642, 0.0001435399753972888, 0.00022844172781333327, 0.0003529056557454169, 0.00036508915945887566, 0.0003957156150136143, 0.00029857992194592953, 0.000198561348952353, 0.00018630562408361584, 0.0005864136619493365, 0.00017010030569508672, 0.0010698026744648814, 0.000494376290589571, 0.0004562999529298395, 0.00031726251472719014, 0.00022658356465399265, 0.00027127127395942807, 0.00044701778097078204, 0.000325601315125823, 0.0004423815698828548, 0.0007006573141552508, 0.00019963851082138717, 0.0002652408729773015, 0.0010891418205574155, 0.00073579594027251, 0.0005315328016877174, 0.0004504093376453966, 0.0006011048681102693, 0.0002591367228887975, 0.003384934039786458, 0.000283866684185341, 0.00037694667116738856, 0.00023020851949695498, 0.0002363306557526812, 0.00018059146532323211, 0.0004849658871535212, 0.0005864998092874885, 0.0007169651216827333, 0.0012869609054178, 0.0010983780957758427, 0.0003167269460391253, 0.002171919448301196, 0.0001857831230154261, 0.00015726409037597477, 0.0001592095213709399, 0.0028595770709216595, 0.00022506335517391562, 0.00012936163693666458, 0.00028438959270715714, 0.00033780583180487156, 0.0010469169355928898, 0.00018452064250595868, 0.0001682580477790907, 0.00012756795331370085, 0.00016931277059484273, 0.00016755842079874128, 0.00043722253758460283, 0.00034433542168699205, 0.00020763131033163518, 0.00013541124644689262, 0.0001412516285199672, 0.00027786687132902443, 0.00038869967102073133, 0.0009419940761290491, 0.0005951934726908803, 0.0004059179627802223, 0.0003053772961720824, 0.002897587139159441, 0.002008681185543537, 0.0005949408514425159, 0.0008374634198844433, 0.0005785743705928326, 