{"step": 400, "timestamp": 1745707557.6555922, "attention": [0.41120266914367676, 0.1640263795852661, 0.0007482471410185099, 0.0001452596188755706, 3.0164941563270986e-05, 1.791020986274816e-05, 3.8111429603304714e-05, 2.333683005417697e-05, 2.9918557629571296e-05, 5.8958743466064334e-05, 0.00014466406719293445, 0.00010350262164138258, 4.831990008824505e-05, 5.6808130466379225e-05, 2.0874289475614205e-05, 5.1904411520808935e-05, 2.0511501134024e-05, 2.042881715169642e-05, 1.9639870515675284e-05, 4.826201984542422e-05, 8.588436321588233e-05, 0.00014092150377109647, 0.00016038566536735743, 0.0001188153401017189, 4.7085490223253146e-05, 6.426157051464543e-05, 0.00023108308960217983, 9.861617581918836e-05, 4.828692181035876e-05, 5.1965293096145615e-05, 7.543818355770782e-05, 0.00010760773147922009, 0.00012675567995756865, 4.147678191657178e-05, 0.00010413815471110865, 7.140442176023498e-05, 1.3216049410402775e-05, 2.039153696387075e-05, 3.1645795388612896e-05, 0.00016832139226607978, 0.00014053871564101428, 7.073894084896892e-05, 0.00010072370787383988, 1.5867355614318512e-05, 1.4644300790678244e-05, 8.599784632679075e-05, 0.0001303734170505777, 2.664972998900339e-05, 1.9170756786479615e-06, 1.4603443560190499e-05, 3.337081216159277e-05, 2.5323186491732486e-05, 7.510916475439444e-05, 7.125270349206403e-05, 5.851477544638328e-05, 4.1206632886314765e-05, 4.344057379057631e-05, 2.2794985852669924e-05, 1.4073321835894603e-05, 1.264585807803087e-05, 3.0289545975392684e-05, 9.258989302907139e-05, 2.1523570467252284e-05, 4.329956936999224e-06, 2.5631981770857237e-05, 5.6171658798120916e-05, 4.075648757861927e-05, 4.1186078306054696e-05, 8.802227057458367e-06, 2.122452133335173e-05, 7.263475708896294e-05, 0.00011683321645250544, 9.506168134976178e-05, 7.412564445985481e-05, 3.104760980932042e-05, 0.0002485892327968031, 0.0002014727215282619, 0.00012345860886853188, 0.00025732850190252066, 5.4003186960471794e-05, 0.0001054161402862519, 6.557683809660375e-05, 7.628626190125942e-05, 0.00011429162987042218, 9.682172822067514e-05, 5.044291901867837e-05, 6.992745329625905e-05, 0.00016411022807005793, 4.9401998694520444e-05, 9.328978194389492e-05, 4.029051342513412e-05, 5.8768768212758005e-05, 6.392027717083693e-05, 0.00013117297203280032, 2.1674113668268546e-05, 9.838181722443551e-05, 9.602383943274617e-05, 9.525743371341377e-05, 8.968204201664776e-05, 5.307618266670033e-05, 4.1603329009376466e-05, 1.881451316876337e-05, 4.769730003317818e-05, 5.079697439214215e-05, 5.354322638595477e-05, 2.9952600016258657e-05, 2.7081299776909873e-05, 8.293685095850378e-05, 1.961236193892546e-05, 1.4014901353220921e-05, 1.7352720533381216e-05, 1.887049074866809e-05, 1.9978542695753276e-05, 3.12488446070347e-05, 1.8502531020203605e-05, 1.9674322174978442e-05, 9.700492955744267e-05, 8.432842878391966e-05, 4.99212255817838e-05, 2.9225388061604463e-05, 0.0004154247581027448, 0.0005263191414996982, 0.0005430071032606065, 0.00027477528783492744, 0.00013696822861675173, 0.00026027645799331367, 5.953616346232593e-05, 0.0010832804255187511, 0.0008547398028895259, 6.995099829509854e-05, 0.000505962991155684, 0.00011896663636434823, 0.001506080268882215, 0.0007927075494080782, 0.0005571999936364591, 0.00023565403535030782, 0.00016566998965572566, 0.0006902578752487898, 7.897189061623067e-05, 9.365928417537361e-05, 0.00033706880640238523, 0.00014806375838816166, 7.593681220896542e-05, 0.00018347773584537208, 0.00017599249258637428, 0.0002416434872429818, 8.536482346244156e-05, 0.00047106671263463795, 0.00025457481388002634, 8.906782750273123e-05, 0.0005960512789897621, 6.249160651350394e-05, 0.00015649592387489974, 0.00015371482004411519, 0.0001525424886494875, 0.00014113924407865852, 0.00013596542703453451, 0.0007565532578155398, 0.0007318682037293911, 0.0001776076533133164, 0.00021255998581182212, 0.0002048944152193144, 0.00018125097267329693, 4.335087214712985e-05, 0.0005202965112403035, 0.00014372255827765912, 0.0003087927761953324, 0.0001912150764837861, 0.0003427894553169608, 0.00017397233750671148, 0.0001878871553344652, 0.00030796710052527487, 0.0003727147413883358, 0.0004362482577562332, 0.00041371877887286246, 0.00015669799176976085, 0.0002220163878519088, 0.0003736061626113951, 0.00017702083277981728, 0.0001706393522908911, 0.0001692381192697212, 0.00019308752962388098, 0.0001348834193777293, 0.0005196269485168159, 0.000613546755630523, 0.0006662509404122829, 0.00021961001039016992, 0.00018049695063382387, 0.00012366980081424117, 8.955718658398837e-05, 0.00027975431294180453, 0.0003912325482815504, 0.00020528332970570773, 0.0005578588461503386, 0.00025769229978322983, 0.00032788931275717914, 0.0001639776019146666, 0.0003183414810337126, 0.00044454680755734444, 6.738441879861057e-05, 0.000253429840086028, 0.00023477227659896016, 0.00017969307373277843, 9.450438665226102e-05, 0.0003389290359336883, 0.00018077943241223693, 0.0007731763180345297, 0.0001210155533044599, 0.00024962518364191055, 0.00019028688257094473, 8.596121915616095e-05, 0.00016153062460944057, 0.0004977344651706517, 0.0006581992493011057, 0.0003716854262165725, 0.0002571033837739378, 0.0006330515025183558, 0.000166700963745825, 0.00015232247824314982, 0.0001230701309395954, 0.0002888143644668162, 0.0004255710809957236, 0.00011184514733031392, 0.0004575758648570627, 0.00011845138942589983, 9.533729462418705e-05, 0.00015079362492542714, 0.0004563662805594504, 0.000631720176897943, 0.0002881212567444891, 8.857449574861676e-05, 0.00019996870832983404, 0.00013022053462918848, 0.00022937447647564113, 0.00010127468704013154, 0.0001735615951474756, 0.00010422672494314611, 5.1486560550983995e-05, 3.726270733750425e-05, 0.00035049059079028666, 0.00030835357028990984, 8.711754344403744e-05, 0.00011079121031798422, 0.00010241292329737917, 8.435975178144872e-05, 3.7725636502727866e-05, 8.813839667709544e-05, 3.596928945626132e-05, 0.00015508355863858014, 8.69548530317843e-05, 3.6525059840641916e-05, 2.5664254280854948e-05, 3.117688902420923e-05, 2.4697574190213345e-05, 0.00024205990484915674, 0.0002940991544164717, 0.0006041995366103947, 0.0005050383624620736, 0.00034142949152737856, 0.0004048814298585057, 0.0004928166163153946, 0.00040684238774701953, 0.0008341368520632386, 0.003496667370200157, 0.0011708681704476476, 0.001906998106278479, 0.0005278717144392431, 0.0021416102536022663, 0.0004343334585428238, 0.0008113990188576281, 0.0005590955843217671, 0.00019044366490561515, 0.0003428164345677942, 0.00019290196360088885, 0.0024436949752271175, 0.0003402619331609458, 0.00041650119237601757, 0.0007873259019106627, 0.0009865125175565481, 0.0005397003842517734, 0.00046704275882802904, 0.0005562432343140244, 0.00016550799773540348, 0.00019938286277465522, 0.00012282624084036797, 0.0001232484937645495, 4.742694727610797e-05, 0.0005333799635991454, 9.188260446535423e-05, 5.505996523424983e-05, 0.0005233357078395784, 0.0005840302910655737, 0.00030551335657946765, 0.0008344659581780434, 0.0009786501759663224, 0.009137246757745743, 0.004143730271607637, 0.0004205269506201148, 0.0012530642561614513, 0.0006297079380601645, 0.00119193852879107, 0.0003415385726839304, 7.314289541682228e-05, 0.0001764771295711398, 0.00010841558105312288, 0.00013442119234241545, 0.00010158424993278459, 8.358003833563998e-05, 6.132772250566632e-05, 0.000480956892715767, 0.005881020799279213, 0.0020892044994980097, 0.00025240195100195706, 0.0015669013373553753, 0.0003945653443224728, 0.0006342732231132686, 0.0006271685706451535, 0.00022385318879969418, 0.0004632934869732708, 0.00022835118579678237, 0.002478444715961814, 0.0007165179122239351, 0.0006244060932658613, 0.002058215206488967, 0.0008525268640369177, 0.0003261299279984087, 0.0006711190799251199, 0.00014115014346316457, 7.563411782030016e-05, 0.00036473010550253093, 0.0004713368834927678, 0.00011186710617039353, 6.85272243572399e-05, 0.00026436199550516903, 0.00215380871668458, 0.0019602118991315365, 0.00038295143167488277, 0.0013213797938078642, 0.0004256654065102339, 0.0006162814097478986, 