{"step": 100, "timestamp": 1745792425.71716, "attention": [0.48492667078971863, 0.002370355185121298, 0.0011118906550109386, 0.00043167502735741436, 0.0013451860286295414, 0.007548353634774685, 0.001356380176730454, 0.00021582390763796866, 0.0010968787828460336, 0.0006178409676067531, 0.0006728875450789928, 0.0003891389351338148, 0.00045082400902174413, 0.0006443781894631684, 0.0035652457736432552, 0.0007172484183683991, 0.0012761953985318542, 0.001678116270340979, 0.0008940857951529324, 0.0025167439598590136, 0.0010788390645757318, 0.0006350462790578604, 0.0012670991709455848, 0.0014362429501488805, 0.0034649702720344067, 0.0010064898524433374, 0.0006646858528256416, 0.000726397440303117, 0.0003529262321535498, 0.0010891674319282174, 0.0016841241158545017, 0.0006434921524487436, 0.0006689358851872385, 0.001065518707036972, 0.000975566275883466, 0.0009106735233217478, 0.0024733496829867363, 0.0011178528657183051, 0.0003924348275177181, 0.0010142807150259614, 0.0006919951410964131, 0.0010195989161729813, 0.001184909138828516, 0.0015755596105009317, 0.0004962522070854902, 0.0008867047727108002, 0.0015683660749346018, 0.0009042166639119387, 0.0020481939427554607, 0.008357267826795578, 0.0028963431250303984, 0.0010304194875061512, 0.0011224686168134212, 0.007095617707818747, 0.0017994033405557275, 0.0013847691006958485, 0.0018195521552115679, 0.002127348445355892, 0.0038459892384707928, 0.0012340403627604246, 0.0012640028726309538, 0.0011619923170655966, 0.0025048968382179737, 0.0012323257979005575, 0.0006528162630274892, 0.000997053924947977, 0.003748096525669098, 0.001900910516269505, 0.0010625857394188643, 0.0017183939926326275, 0.0014714980497956276, 0.002314118668437004, 0.0018526379717513919, 0.002059346064925194, 0.002538953674957156, 0.003368290141224861, 0.0031055095605552197, 0.0018155109137296677, 0.0017491478938609362, 0.002842206973582506, 0.003616712288931012, 0.004364431835711002, 0.0028174209874123335, 0.0028584867250174284, 0.0013830900425091386, 0.002657209523022175, 0.017653029412031174, 0.0060661109164357185, 0.006880320142954588, 0.013354551047086716, 0.005160958040505648, 0.011738460510969162, 0.02964998409152031, 0.009203876368701458, 0.016059402376413345, 0.013511937111616135, 0.021193131804466248, 0.026845725253224373, 0.08709980547428131, 0.09894201159477234]}