{"step": 300, "timestamp": 1745792434.0207894, "attention": [0.40396493673324585, 0.003948249388486147, 0.000868758768774569, 0.00018562054901849478, 0.0004981444217264652, 0.002071499126031995, 0.0005992623046040535, 8.319705375470221e-05, 0.000526354881003499, 0.000712123466655612, 0.0001607615704415366, 3.2344636565539986e-05, 7.942788215586916e-05, 7.506624388042837e-05, 0.00030254549346864223, 0.0001496103941462934, 0.0002105266321450472, 0.0003759297542273998, 6.014447717461735e-05, 0.00027097048587165773, 0.0002466151490807533, 0.00020866999693680555, 0.0005819537909701467, 0.00022960882051847875, 0.0003540320903994143, 0.00024909537751227617, 0.00021919274877291173, 0.00022320702555589378, 7.697210821788758e-05, 0.00013000459875911474, 0.0007021433557383716, 0.0001882133074104786, 0.00018854920926969498, 0.0006121775368228555, 0.0006582591449841857, 0.0007366718491539359, 0.001228584093041718, 0.0005011061439290643, 0.00014075054787099361, 0.0005146037437953055, 0.0007336103008128703, 0.00020466763817239553, 0.00022815406555309892, 0.00037092340062372386, 0.00017980260599870235, 0.00022752583026885986, 0.00024620373733341694, 0.00013530440628528595, 0.00024893690715543926, 0.0015360360266640782, 0.0009094128618016839, 0.00013198069063946605, 0.000324057909892872, 0.0011325216619297862, 0.0006114656571298838, 0.0003239172510802746, 0.0009705644333735108, 0.0005231769755482674, 0.0003725110145751387, 0.000877620535902679, 0.0003164723457302898, 0.00019743754819501191, 0.00023125947336666286, 0.0001877793692983687, 0.0001303539174841717, 0.00018304762488696724, 0.0008017938234843314, 0.0003421155852265656, 0.00010286174801876768, 0.00028789794305339456, 0.00021108274813741446, 0.00017225182091351599, 0.0013582304818555713, 0.0009741734247654676, 0.00020453124307096004, 0.00015824743604753166, 0.0003377602552063763, 0.00013029116962570697, 0.0001623439893592149, 0.0008307190728373826, 0.00027444600709713995, 0.0001650662743486464, 0.0003238879144191742, 0.0002792877203319222, 0.0001350281818304211, 8.531557250535116e-05, 0.001378153683617711, 0.00021161252516321838, 0.0006219810456968844, 0.0003728166630025953, 0.0006314265192486346, 0.00020595132082235068, 0.00047468324191868305, 6.65954576106742e-05, 0.0001188192400150001, 0.0002690980618353933, 0.021836647763848305, 8.331089338753372e-05, 0.0003208424022886902, 0.00021055809338577092, 0.00020616562687791884, 0.0002705342194531113, 0.00031875952845439315, 0.0002996605762746185, 0.0006684255786240101, 0.0005559378769248724, 0.0002326959220226854, 0.00024958260473795235, 0.006851086392998695, 0.0002476903609931469, 0.0002070045447908342, 0.00030839498504064977, 0.0003284270642325282, 0.00014395712059922516, 0.007438282947987318, 0.0002275754086440429, 0.0005399936344474554, 0.00029169736080802977, 0.0002772184961941093, 0.00018142601766157895, 0.00014899374218657613, 0.0003307627921458334, 0.00014887792349327356, 0.0005557876429520547, 0.0002611164818517864, 9.463263268116862e-05, 0.00018749562150333077, 0.00013020528422202915, 9.73800488281995e-05, 0.00010000458860304207, 0.004677535500377417, 0.0001364985218970105, 0.00022052248823456466, 0.00015559425810351968, 0.00016273623623419553, 0.00011891587928403169, 0.00014392279263120145, 5.796889672637917e-05, 0.004782496951520443, 6.367191235767677e-05, 0.00027208743267692626, 9.36743090278469e-05, 0.0001585267746122554, 0.00032148664467968047, 0.00012503392645157874, 0.0001263740996364504, 0.00012040817819070071, 0.00019300082931295037, 0.0003508684749249369, 0.0011145094176754355, 0.001048897858709097, 0.0006768099265173078, 0.004545130301266909, 0.0005329962586984038, 0.0007058008923195302, 0.0008550361380912364, 0.0004684054874815047, 0.00220204028300941, 0.0010047630639746785, 0.0004832256236113608, 0.0012119029415771365, 0.00049070012755692, 0.0003988036187365651, 0.00030931649962440133, 0.0018979969900101423, 0.00028362221200950444, 0.0003433933306951076, 0.002170625375583768, 0.0006550203543156385, 0.0009480519220232964, 0.00026377596077509224, 0.002722484990954399, 0.00022283618454821408, 0.0004961841041222215, 0.0004413248389028013, 0.00025781861040741205, 0.0003019369614776224, 0.0001924338284879923, 0.00017941967234946787, 0.0023828628472983837, 0.00040987334796227515, 0.00014234590344130993, 0.00020258115546312183, 0.0002760870847851038, 0.0009398710681125522, 0.0010787908686324954, 0.0006290863966569304, 0.00045728872646577656, 0.0004346561327110976, 0.0009578237659297884, 0.0011242744512856007, 0.0010910339187830687, 0.00015206649550236762, 0.000133241803268902, 0.00016105893882922828, 0.00030090819927863777, 0.0013255486264824867, 0.0018850038759410381, 0.0005092592327855527, 0.001448380877263844, 0.0021191085688769817, 0.000650166068226099, 0.0010335274273529649, 0.0006827838951721787, 0.0002979810524266213, 0.0012473843526095152, 0.00022407487267628312, 0.0003608577826526016, 0.0006029001669958234, 0.0009891616646200418, 0.00032457293127663434, 0.00040476658614352345, 0.0010280822170898318, 0.00048605160554870963, 0.0007792602991685271, 0.0005852233152836561, 0.00034844252513721585, 0.00045785511611029506, 0.00032101862598210573, 0.00018238445045426488, 0.0002812703314702958, 0.001307288883253932, 0.0010928150732070208, 0.0005124378949403763, 0.0005155102116987109, 0.0009663230739533901, 0.002981165423989296, 0.0005811792798340321, 0.0005256445147097111, 0.00017269339878112078, 0.013368654064834118, 0.0004629688337445259, 0.0005260339239612222, 0.0031211257446557283, 0.001512597780674696, 0.0009359858231619, 0.0015039085410535336, 0.0005956626846455038, 0.0019402219913899899, 0.0013040817575529218, 0.019477177411317825, 0.000527908792719245, 0.0012203482910990715, 0.007627577520906925, 0.0030830735340714455, 0.0013358781579881907, 0.0007199511164799333, 0.002843697089701891, 0.0013505364768207073, 0.0012521608732640743, 0.000826245523057878, 0.0010836066212505102, 0.0008557356195524335, 0.0006921517779119313, 0.001366806449368596, 0.002748859580606222, 0.0035077277570962906, 0.003592405002564192, 0.006817326415330172, 0.0043704151175916195, 0.0025582527741789818, 0.0010688855545595288, 0.0017321730265393853, 0.0013412977568805218, 0.0007230307091958821, 0.0013680867850780487, 0.0015063906321302056, 0.01034613698720932, 0.0017931368201971054, 0.0007586573483422399, 0.0019110688008368015, 0.0037520965561270714, 0.0013081950601190329, 0.001030661049298942, 0.000410617416491732, 0.0021148205269128084, 0.0018098137807101011, 0.011394616216421127, 0.0010309183271601796, 0.019971685484051704, 0.002292875200510025, 0.001560406992211938, 0.0019700773991644382, 0.0029269978404045105, 0.007121928967535496, 0.0022967145778238773, 0.0015344590647146106, 0.00457365345209837, 0.003911606036126614, 0.0020771780982613564, 0.003639955772086978, 0.01711125299334526, 0.00812813825905323, 0.0030095127876847982, 0.025293661281466484, 0.009851993061602116, 0.010353664867579937, 0.02287103608250618, 0.019613374024629593, 0.12280933558940887]}