{"step": 450, "timestamp": 1745792441.3977692, "attention": [0.5208688378334045, 0.0013180363457649946, 0.0006580900517292321, 0.0003805299347732216, 0.00016097434854600579, 0.0006216669571585953, 0.0001281677687074989, 3.755822035600431e-05, 8.39625863591209e-05, 8.142230217345059e-05, 7.938181806821376e-05, 5.393900937633589e-05, 8.18617336335592e-05, 8.50374999572523e-05, 0.00012391514610499144, 0.0001355290733044967, 0.00020498571393545717, 0.0003394737432245165, 4.6839351853122935e-05, 0.00010612921323627234, 9.038909047376364e-05, 6.674454925814644e-05, 0.00011885574349435046, 7.224245928227901e-05, 0.00010050821583718061, 0.00010536946501815692, 8.195189002435654e-05, 3.267962165409699e-05, 2.550092358433176e-05, 4.449000698514283e-05, 0.00015759689267724752, 8.470135799143463e-05, 6.467600906034932e-05, 0.00010190648026764393, 0.00015351781621575356, 0.00014006378478370607, 0.00017323991050943732, 0.0001526061532786116, 2.969055640278384e-05, 4.613774945028126e-05, 0.00014004185504745692, 4.676257958635688e-05, 3.080420719925314e-05, 4.298116618883796e-05, 1.5188337783911265e-05, 1.9093271475867368e-05, 5.151129880687222e-05, 0.00017453872715122998, 7.57586385589093e-05, 0.0002082456776406616, 7.028445543255657e-05, 5.779948696726933e-05, 7.335013651754707e-05, 0.00014906737487763166, 0.00011031607573386282, 9.383575525134802e-05, 7.149107113946229e-05, 2.358019628445618e-05, 4.66524506919086e-05, 5.852895992575213e-05, 2.2021416953066364e-05, 2.5298233595094644e-05, 2.7178801246918738e-05, 6.723936530761421e-05, 0.00010287902114214376, 2.602394306450151e-05, 4.0764087316347286e-05, 2.828778997354675e-05, 1.708892705210019e-05, 3.5534685594029725e-05, 4.3885738705284894e-05, 2.8014281269861385e-05, 0.00019710218475665897, 0.0002865889691747725, 4.7449029807467014e-05, 2.7170301109435968e-05, 7.537464989582077e-05, 9.259174112230539e-05, 0.00015263327804859728, 0.00011665076453937218, 3.906421989086084e-05, 2.0949524696334265e-05, 4.4620002881856635e-05, 4.221254130243324e-05, 1.5153398635447957e-05, 1.4122088941803668e-05, 9.169564873445779e-05, 3.468322393018752e-05, 2.8906330044264905e-05, 2.5848128643701784e-05, 6.234786269487813e-05, 3.3442502171965316e-05, 5.033892739447765e-05, 3.669717989396304e-05, 3.944091440644115e-05, 0.00013022791245020926, 0.0046545639634132385, 5.889399108127691e-05, 0.00012126914225518703, 2.4570985260652378e-05, 4.07483967137523e-05, 0.0002540441637393087, 0.0002034686622209847, 8.280136535177007e-05, 0.0001345944037893787, 4.75800916319713e-05, 4.0873004763852805e-05, 4.970817099092528e-05, 0.0012572722043842077, 7.376833673333749e-05, 5.367784615373239e-05, 6.0903817939106375e-05, 5.567433254327625e-05, 2.8985690732952207e-05, 0.00020602921722456813, 7.831455150153488e-05, 6.794507498852909e-05, 3.927499346900731e-05, 0.00016984890680760145, 5.0155151257058606e-05, 4.5315602619666606e-05, 5.6959914218168706e-05, 4.2104202293558046e-05, 0.0002144548634532839, 0.00012845358287449926, 2.0301860786275938e-05, 5.885917926207185e-05, 8.104402513708919e-05, 3.916348941856995e-05, 6.974185816943645e-05, 0.00027218798641115427, 0.00010872327402466908, 8.37358966236934e-05, 4.953503957949579e-05, 4.567639916785993e-05, 4.467341932468116e-05, 0.0001289285282837227, 9.74676149780862e-05, 0.00034269108437001705, 4.767385689774528e-05, 8.754193549975753e-05, 2.4982007744256407e-05, 2.4386461518588476e-05, 0.00018616563465911895, 5.153918027644977e-05, 6.90812521497719e-05, 9.288038563681766e-05, 0.00012308750592637807, 9.952951950253919e-05, 0.000169599152286537, 0.00011469615128589794, 0.0001164822606369853, 0.0009484135080128908, 7.498865306843072e-05, 0.00021350431779865175, 5.831529415445402e-05, 8.798603812465444e-05, 0.00015504258044529706, 7.851402915548533e-05, 6.16099641774781e-05, 0.00012306866119615734, 6.076986755942926e-05, 3.7041343603050336e-05, 5.1414310291875154e-05, 0.00029815302696079016, 8.676476136315614e-05, 6.53578681522049e-05, 7.703960000071675e-05, 3.220323196728714e-05, 0.000520141504239291, 5.794575918116607e-05, 0.0002192846586694941, 0.00014923987328074872, 8.414155308855698e-05, 5.3992003813618794e-05, 5.778927152277902e-05, 4.1364557546330616e-05, 2.8869035304524004e-05, 6.327724258881062e-05, 9.988615056499839e-05, 0.00012142608466092497, 6.253003084566444e-05, 0.000176590183400549, 8.865410200087354e-05, 0.00012613771832548082, 6.137732998467982e-05, 7.948002894409001e-05, 0.00011916287621716037, 7.157727668527514e-05, 5.754470475949347e-05, 5.121593858348206e-05, 4.781092866323888e-05, 6.18998019490391e-05, 8.640561281936243e-05, 3.736838334589265e-05, 9.356942609883845e-05, 9.186247189063579e-05, 0.00010157727228943259, 7.932174776215106e-05, 0.00015844505105633289, 8.265684300567955e-05, 9.617809701012447e-05, 8.882392285158858e-05, 7.797816942911595e-05, 7.250966154970229e-05, 6.650554860243574e-05, 9.957727161236107e-05, 0.00017752870917320251, 4.149973756284453e-05, 0.0002261820191051811, 7.819633901817724e-05, 4.513355088420212e-05, 6.08250884397421e-05, 0.00011578929843381047, 8.691157563589513e-05, 0.00015979049203451723, 0.00023068650625646114, 2.446791040711105e-05, 4.186069418210536e-05, 4.180659743724391e-05, 9.91201086435467e-05, 6.99772936059162e-05, 9.377414244227111e-05, 4.189468381810002e-05, 7.726245530648157e-05, 0.0005264655337668955, 0.00012078369763912633, 5.305864760885015e-05, 7.247307803481817e-05, 0.0001779509475454688, 0.003068042453378439, 0.00012303676339797676, 0.00022751495998818427, 7.503380766138434e-05, 0.00015148338570725173, 4.839953180635348e-05, 5.230140232015401e-05, 4.398826422402635e-05, 0.00011319217446725816, 0.0001838552998378873, 0.00030975259141996503, 9.567100642016158e-05, 0.00011643356992863119, 0.00019524863455444574, 0.00012674422760028392, 3.024949910468422e-05, 6.70158551656641e-05, 0.00010319214197807014, 9.369930194225162e-05, 3.6981640732847154e-05, 5.418321234174073e-05, 0.00011568955233087763, 0.00018131696560885757, 0.00014102713612373918, 5.560208228416741e-05, 9.007965854834765e-05, 0.00016424442583229393, 0.0001590850588399917, 0.00010679172555683181, 0.00012776175572071224, 6.535978172905743e-05, 0.00031364973983727396, 0.00023412334849126637, 5.3814350394532084e-05, 7.675008964724839e-05, 0.00013438865425996482, 7.096092303982005e-05, 0.0002383513783570379, 0.00015957668074406683, 0.00020504553685896099, 0.0001712323137326166, 9.137850429397076e-05, 6.700381345581263e-05, 0.00011821097723441198, 3.4338234399911016e-05, 2.3180820790003054e-05, 7.343143079197034e-05, 0.0001282277808059007, 7.213049684651196e-05, 0.0012213675072416663, 0.00018446778994984925, 0.00022582142264582217, 0.0001101143570849672, 9.506595961283892e-05, 0.00013723154552280903, 0.0001601492112968117, 0.00019304156012367457, 0.00010789894440677017, 7.63583739171736e-05, 6.125378422439098e-05, 0.00010676710371626541, 0.0001973467878997326, 0.00019228656310588121, 4.507942867348902e-05, 0.00010779628064483404, 0.00015178561443462968, 0.0003570875560399145, 0.004145781975239515, 0.0002505801967345178, 0.0001769949303707108, 0.00013452081475406885, 0.00013249856419861317, 7.473032746929675e-05, 0.0002522433642297983, 0.0003361249982845038, 0.00016067609249148518, 0.0003424454480409622, 0.00024093611864373088, 0.0001028295373544097, 0.0029159868136048317, 0.0001225943269673735, 7.172842015279457e-05, 6.686619599349797e-05, 0.0020817434415221214, 0.00015205481031443924, 0.00019236819935031235, 0.0003256492200307548, 0.00011126755271106958, 0.0005803442327305675, 5.885912833036855e-05, 0.00013044144725427032, 9.256406337954104e-05, 7.294415263459086e-05, 4.9914691771846265e-05, 4.0719925891608e-05, 3.81950922019314e-05, 3.57360731868539e-05, 3.801766433753073e-05, 3.3682976209092885e-05, 0.0001025488309096545, 9.595159644959494e-05, 0.00037634442560374737, 9.668218262959272e-05, 0.00013471176498569548, 0.00011279252066742629, 0.0004039277555420995, 0.00021447933977469802, 8.081230043899268e-05, 0.00020752284035552293, 8.719335892237723e-05, 