{"step": 200, "timestamp": 1745707550.207274, "attention": [0.37841054797172546, 0.09884661436080933, 0.0020843329839408398, 0.000618878984823823, 0.0001889838167699054, 0.00018972091493196785, 0.00035004463279619813, 0.0002954842057079077, 0.00042278843466192484, 0.00030044501181691885, 0.001528712804429233, 0.0003855522954836488, 0.00013919183402322233, 0.0002598247374407947, 0.0005247779772616923, 0.0002297620812896639, 9.953579865396023e-05, 0.00013386982027441263, 0.00019603392865974456, 0.0001535408227937296, 0.0004623904824256897, 0.0012333563063293695, 0.0006934701232239604, 0.0006172476569190621, 0.0002656667784322053, 0.00022896871087141335, 0.0005193200777284801, 8.229394006775692e-05, 8.657133002998307e-05, 0.00014670079690404236, 0.00029108612216077745, 5.4124386224430054e-05, 8.821599476505071e-05, 7.072799053275958e-05, 0.0002797463093884289, 0.0001834369613789022, 5.638067523250356e-05, 1.790642272680998e-05, 0.00017139484407380223, 0.0002472812484484166, 0.000552685116417706, 0.00011888810695381835, 0.00014152661606203765, 5.82396169193089e-05, 0.00016959338972810656, 0.00045342533849179745, 0.00019817714928649366, 6.019874126650393e-05, 1.4241412827686872e-05, 2.5026693037943915e-05, 7.417102460749447e-05, 0.00015282585809472948, 0.00012654236343223602, 6.411258800653741e-05, 0.0001316308625973761, 0.0006185467937029898, 0.0007817054283805192, 8.363272354472429e-05, 5.521568164112978e-05, 4.116932541364804e-05, 0.00012621868518181145, 0.0002506025484763086, 9.635322203394026e-05, 2.425561979180202e-05, 7.788248331053182e-05, 0.0001185212895506993, 0.00030072228400968015, 0.0002372072485741228, 8.155967225320637e-05, 0.00016915187006816268, 7.910726708360016e-05, 9.423636220162734e-05, 5.3242263675201684e-05, 0.00026869031717069447, 5.4029191232984886e-05, 0.001491450471803546, 0.0006992253474891186, 0.00014886139251757413, 0.00010629605094436556, 3.590871347114444e-05, 0.00020650934311561286, 0.0003803707368206233, 0.00011161591828567907, 0.0003791764611378312, 7.405795622617006e-05, 3.7942943890811875e-05, 8.781599899521098e-05, 0.00011576920951483771, 0.00026947702281177044, 0.00029470803565345705, 0.00023646446061320603, 0.0005066433222964406, 0.0004547109128907323, 0.00016827139188535511, 0.000310521456412971, 0.0001944451651070267, 0.00037768454058095813, 0.0002514190855436027, 0.0008144880412146449, 0.0009720498346723616, 0.0002640113525558263, 0.0003493695694487542, 0.0003043141041416675, 0.00017010365263558924, 0.00016967637930065393, 0.00014620611909776926, 4.3104300857521594e-05, 6.769102037651464e-05, 0.0001578366500325501, 0.00010067987022921443, 0.00011991016799584031, 6.310056778602302e-05, 6.709622539347038e-05, 7.476042810594663e-05, 0.0001261079014511779, 2.8069094696547836e-05, 0.0005120859132148325, 0.00029441737569868565, 0.00019642185361590236, 0.0002352504525333643, 0.0011832708260044456, 0.0060263462364673615, 0.0033764676190912724, 0.001928191166371107, 0.0021978800650686026, 0.00565785076469183, 0.0003849115746561438, 0.012899242341518402, 0.005357846617698669, 0.0004973108298145235, 0.0011299240868538618, 0.00020344779477454722, 0.009350918233394623, 0.00409134104847908, 0.0028892550617456436, 0.00039381731767207384, 0.0006576828309334815, 0.00330895627848804, 0.0005532323848456144, 0.000503777468111366, 0.0003941089962609112, 0.0010921221692115068, 0.0008445265120826662, 0.001605563797056675, 0.0006209639250300825, 0.00044647505274042487, 0.0003404191229492426, 0.001314592082053423, 0.00039215877768583596, 0.00035098352236673236, 0.0019560849759727716, 0.0003135739534627646, 0.00018732197349891067, 0.00027863052673637867, 0.00021636557357851416, 0.0003300305106677115, 0.0007422345806844532, 0.001966509036719799, 0.0006914620753377676, 0.0003077462606597692, 0.00010921900684479624, 0.00034718390088528395, 0.00028663076227530837, 0.0003549921093508601, 0.0016298976261168718, 0.00040545716183260083, 0.0006587847019545734, 0.0008556096581742167, 0.003106245305389166, 0.0014990575145930052, 0.0021171611733734608, 0.0013355540577322245, 0.003664034651592374, 0.0013283430598676205, 0.0008722861530259252, 0.0010736791882663965, 0.006031771190464497, 0.0015213916776701808, 0.0009613616857677698, 0.0007764841429889202, 0.000887581380084157, 0.0006619702326133847, 0.0006960316677577794, 0.00046862391172908247, 0.0058945161290466785, 0.007395843043923378, 0.0025697413366287947, 0.001574091031216085, 0.0010815890273079276, 0.0009016902768053114, 0.0077463118359446526, 0.0031496351584792137, 0.015150288119912148, 0.00577726773917675, 0.014023775234818459, 0.0036193833220750093, 0.004113688599318266, 0.014427302405238152, 0.19042916595935822, 0.10418844223022461]}