{"step": 550, "timestamp": 1745792446.8518443, "attention": [0.6860721111297607, 0.00030602235347032547, 8.221182361012325e-05, 4.032760261907242e-05, 2.4097607820294797e-05, 7.342641038121656e-05, 2.646165739861317e-05, 7.905285201559309e-06, 1.3985893019707873e-05, 3.4714805224211887e-05, 2.3577333195134997e-05, 8.433300536125898e-06, 2.4485294488840736e-05, 9.728435543365777e-06, 2.641425635374617e-05, 2.760195275186561e-05, 1.8918150090030394e-05, 8.65417459863238e-05, 5.073453394288663e-06, 1.9331877410877496e-05, 1.0578100045677274e-05, 1.82564472197555e-05, 2.7147059881826863e-05, 1.4897652363288216e-05, 2.1170199033804238e-05, 1.9276812963653356e-05, 2.144679456250742e-05, 9.80486220214516e-06, 9.998688256018795e-06, 1.4320169611892197e-05, 3.005186954396777e-05, 1.726684786262922e-05, 1.689698183326982e-05, 1.049352613335941e-05, 3.5678462154464796e-05, 1.3630533430841751e-05, 2.4963081159512512e-05, 2.3970251277205534e-05, 8.573017112212256e-06, 2.3217868147185072e-05, 8.967998292064294e-05, 2.6401850846013986e-05, 9.404072443430778e-06, 3.224239480914548e-05, 1.574445195728913e-05, 5.3460105846170336e-05, 0.00010605514398775995, 0.00010586682765278965, 1.8903807358583435e-05, 3.619105336838402e-05, 1.8439714040141553e-05, 2.854479680536315e-05, 1.4359193301061168e-05, 3.826046668109484e-05, 0.00011295045260339975, 6.626555841648951e-05, 1.0949188435915858e-05, 1.4450364687945694e-05, 1.1874049960169941e-05, 5.896657967241481e-06, 6.358121936500538e-06, 1.0765381375676952e-05, 8.42012286739191e-06, 1.3583678992290515e-05, 3.1111063435673714e-05, 3.115099843853386e-06, 4.76035347674042e-06, 1.3934759408584796e-05, 1.5115751011762768e-05, 1.1985544006165583e-05, 1.9272822100901976e-05, 1.2807162420358509e-05, 2.0876719645457342e-05, 5.6699012930039316e-05, 1.7680602468317375e-05, 6.836369720986113e-06, 8.438659278908744e-06, 3.202342486474663e-05, 3.4103890357073396e-05, 3.585562080843374e-05, 2.0751378542627208e-05, 1.0271571227349341e-05, 1.779858757799957e-05, 1.2896792213723529e-05, 7.211202500911895e-06, 8.04082810645923e-06, 2.357692937948741e-05, 7.930828360258602e-06, 4.052267740917159e-06, 1.576621252752375e-05, 1.4083448149904143e-05, 1.859526673797518e-05, 2.2909956896910444e-05, 9.710034646559507e-06, 7.572136837552534e-06, 2.5287416065111756e-05, 0.0008648865041323006, 4.364298365544528e-05, 2.3155229428084567e-05, 1.7133181245299056e-05, 1.1984961020061746e-05, 4.269778946763836e-05, 9.975430293707177e-05, 8.057410013861954e-05, 3.9760088839102536e-05, 2.1782219846500084e-05, 8.670013812661637e-06, 2.737139948294498e-05, 0.0002640032907947898, 1.1654630725388415e-05, 1.0363309229433071e-05, 9.564180800225586e-06, 1.3773902537650429e-05, 2.818638131429907e-05, 0.00010370950622018427, 1.7155807654489763e-05, 1.4542672943207435e-05, 1.1698064554366283e-05, 2.515235246391967e-05, 2.8880018362542614e-05, 3.322251723147929e-05, 3.63038489012979e-05, 1.9861981854774058e-05, 5.431423051049933e-05, 5.3374722483567894e-05, 1.4769966583116911e-05, 8.155911200447008e-05, 3.876668051816523e-05, 2.734642112045549e-05, 3.898295835824683e-05, 0.00011330599227221683, 9.449380013393238e-05, 9.156003216048703e-06, 2.0358540496090427e-05, 8.779928975855e-06, 1.9950814021285623e-05, 7.925221871118993e-05, 4.02105797547847e-05, 3.0964220059104264e-05, 1.1359912605257705e-05, 6.381119419529568e-06, 4.51057348982431e-06, 5.193608103581937e-06, 6.63803075440228e-05, 3.811226270045154e-05, 1.2773603884852491e-05, 4.767810241901316e-05, 1.1612700291152578e-05, 1.3488293916452676e-05, 7.854666364437435e-06, 1.1134779924759641e-05, 2.2299380361801013e-05, 0.0010032475693151355, 1.4257475413614884e-05, 6.746700819348916e-05, 1.1844224900414702e-05, 3.588640538509935e-05, 1.3640588804264553e-05, 1.3096742804918904e-05, 2.0668356228270568e-05, 2.166110061807558e-05, 8.372489901375957e-06, 2.0415043763932772e-05, 2.4396114895353094e-05, 0.0005053082713857293, 2.051256160484627e-05, 1.8141252439818345e-05, 1.3940128155809361e-05, 6.690732789138565e-06, 8.584800525568426e-05, 1.4477077456831466e-05, 5.022803816245869e-05, 3.113695856882259e-05, 2.6179983251495287e-05, 1.5647417967556976e-05, 1.0692753676266875e-05, 1.2047014934069011e-05, 1.0670361007214524e-05, 1.930860526044853e-05, 4.740935764857568e-05, 6.324597779894248e-05, 1.1692900443449616e-05, 1.7135960661107674e-05, 1.2303798939683475e-05, 2.5590346922399476e-05, 2.7682181098498404e-05, 4.199996328679845e-05, 3.9865004509920254e-05, 1.5055478797876276e-05, 1.0029643817688338e-05, 2.025393769145012e-05, 1.1066129445680417e-05, 1.3838263839716092e-05, 1.78641639649868e-05, 4.3647614802466705e-06, 1.5136423826334067e-05, 2.088485416607e-05, 2.793684325297363e-05, 1.6201600374188274e-05, 1.8102266039932147e-05, 1.605826400918886e-05, 1.0366049536969513e-05, 3.130191544187255e-05, 2.566460898378864e-05, 2.093760485877283e-05, 1.3835986464982852e-05, 3.6911027564201504e-05, 2.143663732567802e-05, 7.844099854992237e-06, 1.8072123566525988e-05, 1.2492360838223249e-05, 1.0113274584000465e-05, 1.213565883517731e-05, 6.437359843403101e-06, 9.635034075472504e-06, 5.543763836612925e-05, 3.31281335093081e-05, 5.734775186283514e-06, 8.879691449692473e-06, 9.615940143703483e-06, 3.584431033232249e-05, 1.4429749171540607e-05, 3.918713264283724e-05, 2.0999757907702588e-05, 5.0820530304918066e-05, 0.00017559100524522364, 6.0381105868145823e-05, 2.9938382795080543e-05, 0.00014463996922131628, 0.00012099940795451403, 0.00048484152648597956, 4.453230940271169e-05, 3.20884573739022e-05, 3.361358540132642e-05, 0.00017241327441297472, 2.3296552171814255e-05, 8.128594345180318e-05, 4.0675273339729756e-05, 2.3621432774234563e-05, 8.029171112866607e-06, 8.256814908236265e-05, 8.843492651067208e-06, 1.2410930139594711e-05, 1.8080769223161042e-05, 3.6058285331819206e-05, 7.581904355902225e-06, 1.0388558621343691e-05, 6.343104905681685e-05, 3.654881220427342e-05, 1.03890251921257e-05, 2.1001784261898138e-05, 3.971645128331147e-05, 4.186348814982921e-05, 2.8745589588652365e-05, 1.5094344234967139e-05, 9.479753498453647e-05, 4.994369010091759e-05, 3.6629149690270424e-05, 2.077851604553871e-05, 3.948239464079961e-05, 1.9507304386934265e-05, 0.0001167360896943137, 2.1658979676431045e-05, 1.0635445505613461e-05, 2.3889999283710495e-05, 3.413714512134902e-05, 1.533154136268422e-05, 8.277792949229479e-05, 4.370618626126088e-05, 2.586144364613574e-05, 1.7890128219733015e-05, 8.993257324618753e-06, 2.5955683668144047e-05, 1.78754999069497e-05, 1.0009875950345304e-05, 9.757701263879426e-06, 1.7788619516068138e-05, 2.8355243557598442e-05, 1.4032133549335413e-05, 6.670178845524788e-05, 8.041404362302274e-05, 6.272473547141999e-05, 3.1151677831076086e-05, 2.232030783488881e-05, 5.7031062169699e-05, 9.163370850728825e-05, 5.12800834258087e-05, 1.854538822954055e-05, 1.9565446564229205e-05, 2.2895772417541593e-05, 4.259104753145948e-05, 3.8130241591716185e-05, 1.5273442841134965e-05, 9.560393664287403e-06, 1.1967098544118926e-05, 6.57175769447349e-05, 5.3959418437443674e-05, 0.0006477443384937942, 3.2143005228135735e-05, 3.446964547038078e-05, 4.144974809605628e-05, 1.9577220882638358e-05, 1.6820502423797734e-05, 7.470228592865169e-05, 3.099703826592304e-05, 6.46021799184382e-05, 0.00012711324961856008, 4.1566177969798446e-05, 0.00016701458662282676, 0.0005647725192829967, 0.00014283075870480388, 7.835568248992786e-05, 3.566546001820825e-05, 0.00041858700569719076, 0.00012456488911993802, 0.00010915980965364724, 9.018907439894974e-05, 1.3528450836020056e-05, 7.563063991256058e-05, 3.0794119084021077e-05, 3.079820817220025e-05, 3.520381869748235e-05, 2.3700635210843757e-05, 8.175319635483902e-06, 7.958593414514326e-06, 6.771291737095453e-06, 2.0488305381149985e-05, 1.9328588678035885e-05, 7.013100912445225e-06, 4.663741128752008e-05, 1.594196874066256e-05, 3.9782156818546355e-05, 3.623560769483447e-05, 4.093046663911082e-05, 3.7579346098937094e-05, 8.954972145147622e-05, 3.263510370743461e-05, 2.0570107153616846e-05, 6.813653453718871e-05, 