{"step": 750, "timestamp": 1745792458.8712313, "attention": [0.5683608055114746, 0.00016495928866788745, 9.415883687324822e-05, 6.176135502755642e-05, 2.389624569332227e-05, 0.00011876174539793283, 3.067407669732347e-05, 1.164392233476974e-05, 2.879236672015395e-05, 3.752849079319276e-05, 2.4736862542340532e-05, 1.0325406037736684e-05, 3.0862844141665846e-05, 1.4477347576757893e-05, 3.0692321161041036e-05, 8.146291293087415e-06, 6.457431027229177e-06, 7.780217129038647e-05, 4.534646905085538e-06, 3.1275856599677354e-05, 1.217560020450037e-05, 6.250985279621091e-06, 3.353313513798639e-05, 1.83528372872388e-05, 4.3242660467512906e-05, 6.897224920976441e-06, 1.2725713531835936e-05, 4.475229161471361e-06, 2.573313395259902e-06, 1.0472539543116e-05, 0.00010905931412708014, 2.4620178010081872e-05, 2.069970651064068e-05, 2.4631870473967865e-05, 3.199315324309282e-05, 9.987447810999583e-06, 4.319389699958265e-05, 3.885706246364862e-05, 6.41830683889566e-06, 2.028753442573361e-05, 6.083383777877316e-05, 1.0360401574871503e-05, 1.5737257854198106e-05, 1.1234082194278017e-05, 6.940722414583433e-06, 2.1464427845785394e-05, 2.6776409868034534e-05, 3.570940680219792e-05, 6.702115570078604e-06, 5.974532905383967e-05, 1.4769536392122973e-05, 2.044589382421691e-05, 1.400945802743081e-05, 4.50326333520934e-05, 2.8418726287782192e-05, 1.9699484255397692e-05, 6.641126674367115e-06, 6.18339345237473e-06, 1.4382347217178904e-05, 7.061536507535493e-06, 3.7517177133850055e-06, 8.919377251004335e-06, 1.1000136510119773e-05, 8.090230949164834e-06, 3.043527431145776e-05, 5.749804131482961e-06, 7.899161573732272e-06, 5.660657279804582e-06, 7.212146101664985e-06, 5.41444160262472e-06, 6.442441190301906e-06, 4.8245078687614296e-06, 1.0791320164571516e-05, 2.255845902254805e-05, 6.802139978390187e-06, 3.6823328173340997e-06, 1.1386420737835579e-05, 1.2646254617720842e-05, 2.293574834766332e-05, 1.408427215210395e-05, 6.282322829065379e-06, 3.679577275761403e-05, 2.166029480576981e-05, 6.549095814989414e-06, 5.663629053742625e-06, 3.168255716445856e-06, 1.651693855819758e-05, 1.3071616194793023e-05, 4.283298949303571e-06, 4.580374479701277e-06, 4.054134478792548e-05, 3.897875103575643e-06, 1.5759866073494777e-05, 4.193148470221786e-06, 9.461033187108114e-06, 2.5143435777863488e-05, 0.0004456229507923126, 5.608899300568737e-06, 4.724391601484967e-06, 2.8839820060966304e-06, 8.774602065386716e-06, 1.3875499462301377e-05, 9.57973679760471e-06, 1.0129456313734408e-05, 1.6401036191382445e-05, 3.393702627363382e-06, 5.825481821375433e-06, 7.937486770970281e-06, 0.0002691768459044397, 7.2663342507439665e-06, 4.522733888734365e-06, 5.9528701967792585e-06, 1.1046486179111525e-05, 4.282197551219724e-06, 3.060682865907438e-05, 5.037277787778294e-06, 6.362135081872111e-06, 5.260863872535992e-06, 8.984518899524119e-06, 2.3144682472775457e-06, 1.0325179573555943e-05, 4.9642858357401565e-06, 5.139593667990994e-06, 1.2080954547855072e-05, 7.88549459684873e-06, 3.829547949862899e-06, 1.5584777429467067e-05, 5.3595158533426e-06, 4.548127890302567e-06, 7.762306267977692e-06, 3.8206795579753816e-05, 6.452147317759227e-06, 2.2946198896534042e-06, 5.9226499615760986e-06, 1.4658799045719206e-06, 1.249929209734546e-05, 8.695195901964325e-06, 1.221728598466143e-05, 1.669726043473929e-05, 4.9838786253531e-06, 4.074262051290134e-06, 1.206239062412351e-06, 7.756758350296877e-06, 1.5374163922388107e-05, 1.6052370483521372e-05, 7.822903171472717e-06, 2.1639682017848827e-05, 6.376947567332536e-06, 7.584731520182686e-06, 1.1642853678495158e-05, 6.4341534198320005e-06, 7.962380550452508e-06, 0.0002435615169815719, 1.074463489203481e-05, 1.8446618923917413e-05, 9.828433576331008e-06, 5.071044870419428e-05, 1.3803826732328162e-05, 1.8886297766584903e-05, 5.434672857518308e-06, 3.8425343518611044e-05, 1.2015525499009527e-05, 1.0092971933772787e-05, 1.5719037037342787e-05, 0.00011502009147079661, 5.962887735222466e-05, 4.637875008484116e-06, 6.904904148541391e-05, 1.9411996618146077e-05, 8.458792581222951e-05, 6.2898820942791644e-06, 6.6561704443302e-05, 1.1725411241059192e-05, 7.617098617629381e-06, 2.9106417059665546e-05, 7.338232990150573e-06, 3.543268576322589e-06, 2.5391911549377255e-05, 9.962164767784998e-05, 4.339432780398056e-05, 5.197759310249239e-05, 5.1122542572556995e-06, 4.130684465053491e-05, 9.369794497615658e-06, 7.443760841852054e-05, 4.4853997678728774e-05, 5.026941653341055e-05, 6.038438368705101e-05, 8.993393748824019e-06, 3.998497049906291e-05, 2.9608141630887985e-05, 9.868852066574618e-05, 3.87204454455059e-05, 2.257343294331804e-05, 8.73692988534458e-06, 0.0002129523636540398, 4.198282113065943e-05, 5.853291804669425e-05, 2.1640682462020777e-05, 2.4874632799765095e-05, 1.7130174455814995e-05, 9.178885193250608e-06, 1.4274569366534706e-05, 1.1577157238207292e-05, 3.4624220006662654e-06, 1.4091430784901604e-05, 1.6353076716768555e-05, 7.993744475243147e-06, 7.5581056080409326e-06, 9.743225746206008e-06, 2.8649901651078835e-06, 1.2984087334189098e-05, 9.706342098070309e-06, 3.751854364963947e-06, 7.939650458865799e-06, 1.595630601514131e-05, 5.452752702694852e-06, 5.740211236116011e-06, 3.4642703212739434e-06, 1.3862905916539603e-06, 1.427223196515115e-05, 3.837418262264691e-06, 6.044132987881312e-06, 9.71821827988606e-06, 1.0299406312697101e-05, 2.4745819246163592e-05, 1.3350401786738075e-05, 1.600320501893293e-05, 2.9341226763790473e-05, 2.0663403120124713e-05, 0.0004436510498635471, 8.574300409236457e-06, 4.773998625751119e-06, 2.764780447250814e-06, 8.335256097780075e-06, 1.1264660315646324e-05, 1.3375497474044096e-05, 7.069934326864313e-06, 1.0334820217394736e-05, 4.045511559525039e-06, 3.52183633367531e-05, 3.741351065400522e-06, 5.943714768363861e-06, 9.927235623763409e-06, 1.1956751222896855e-05, 1.0111496521858498e-05, 8.02476097305771e-06, 1.67059333762154e-05, 1.6427140508312732e-05, 1.0639233551046345e-05, 1.4454783922701608e-05, 2.9066561637591803e-06, 5.1114053349010646e-05, 5.740978849644307e-06, 9.815975317906123e-06, 2.3257543944055215e-05, 1.2460654033930041e-05, 8.792044354777317e-06, 1.7224909242941067e-05, 1.3360886441660114e-05, 1.8545866623753682e-05, 4.471006104722619e-05, 1.1925636499654502e-05, 9.292447771258594e-07, 3.5322343592270045e-06, 1.9129580323351547e-05, 2.4720914097997593e-06, 1.9730558051378466e-05, 2.153459172404837e-05, 1.5071385860210285e-05, 1.529569271951914e-05, 9.69093252933817e-06, 1.781669561751187e-05, 2.569831303844694e-05, 6.020552973495796e-06, 3.835419192910194e-06, 9.483246685704216e-06, 2.7011024940293282e-05, 9.657335795054678e-06, 3.897044371115044e-05, 3.449593350524083e-05, 3.773522257688455e-05, 7.020967132120859e-06, 5.78671324547031e-06, 7.859329343773425e-05, 2.2659371097688563e-05, 1.7804193703341298e-05, 8.250850441982038e-06, 1.3525344911613502e-05, 1.1825039109680802e-05, 3.4286524169147015e-05, 3.3252315915888175e-05, 1.8353526684222743e-05, 6.470500011346303e-06, 1.1388035090931226e-05, 2.16931730392389e-05, 1.723963941913098e-05, 0.00040954945143312216, 1.1966327292611822e-05, 1.0818359442055225e-05, 1.1849173461087048e-05, 1.386355324939359e-05, 1.1084363904956263e-05, 3.387701872270554e-05, 4.251516656950116e-05, 1.3073016816633753e-05, 2.4424123694188893e-05, 3.21706902468577e-05, 3.3805776183726266e-05, 0.0013002523919567466, 8.843338946462609e-06, 4.807408913620748e-06, 6.757191840733867e-06, 0.00017575285164639354, 1.3316810509422794e-05, 1.573303779878188e-05, 1.6865829820744693e-05, 8.01214173407061e-06, 6.815158121753484e-05, 2.5612003810238093e-05, 2.658057928783819e-05, 1.4148814443615265e-05, 3.551604459062219e-05, 1.0131330782314762e-05, 1.0080038919113576e-05, 1.2299136869842187e-05, 1.4066236872167792e-05, 1.8889788407250308e-05, 1.0998597645084374e-05, 4.376926881377585e-05, 4.342878673924133e-05, 0.00010475769522599876, 1.2667144801525865e-05, 3.5070177546003833e-05, 1.7642149032326415e-05, 3.2046460546553135e-05, 1.2019352652714588e-05, 9.419402886123862e-06, 2.8794343961635605e-05, 6.924225544935325e-06, 