{"step": 250, "timestamp": 1745792431.8092518, "attention": [0.39193812012672424, 0.0035957854706794024, 0.002162303775548935, 0.00032636229298077524, 0.00044922585948370397, 0.004284026101231575, 0.0007315362454392016, 0.00012133036943851039, 0.0006372862262651324, 0.0003856784023810178, 0.00024671555729582906, 0.00023109422181732953, 0.00023267115466296673, 0.0004466652753762901, 0.00154192466288805, 0.00043244686094112694, 0.0003623458615038544, 0.000862408778630197, 0.00017356124590151012, 0.0009407603647559881, 0.0006920630112290382, 0.00014606898184865713, 0.00035813741851598024, 0.00020600341667886823, 0.0020598038099706173, 0.0002525905438233167, 0.0002628403890412301, 0.00019269753829576075, 7.295245450222865e-05, 0.0006634308956563473, 0.0007643186254426837, 0.00019693217473104596, 0.00011089832696598023, 0.0003342988493386656, 0.000564821413718164, 0.00046029064105823636, 0.0010375146521255374, 0.00046043365728110075, 0.00011522739805513993, 0.00012653067824430764, 0.00016667948511894792, 0.00015632217400707304, 0.0003324694698676467, 0.00020048809528816491, 6.662913074251264e-05, 9.820213017519563e-05, 0.00011597307457122952, 0.00013383904297370464, 0.00024150515673682094, 0.002733137458562851, 0.0005032813060097396, 0.0002001067769015208, 0.00016409809177275747, 0.0030520553700625896, 0.0016639282694086432, 0.0007368884398601949, 0.000604394415859133, 0.00037547844112850726, 0.0013246212620288134, 0.0018419313710182905, 0.000523662893101573, 0.0004564670380204916, 0.0011550993658602238, 0.00022649313905276358, 0.00019507098477333784, 0.00022000435274094343, 0.0009698545909486711, 0.00043461311724968255, 0.0002197756984969601, 0.0002996844705194235, 0.0003562244528438896, 0.00023678538855165243, 0.0004481587384361774, 0.001103088608942926, 0.00019777767010964453, 0.0002449795720167458, 0.0002987406332977116, 0.00028862094040960073, 0.0001858027244452387, 0.0003529786772560328, 0.00021778118389192969, 0.00029231017106212676, 0.00021283187379594892, 0.00016709975898265839, 7.271057256730273e-05, 8.327791874762625e-05, 0.0023084357380867004, 0.0009003148879855871, 0.0006727972649969161, 0.00018342907424084842, 0.0001767239737091586, 0.00017925698193721473, 0.0022296016104519367, 0.00020919843518640846, 0.0005578940035775304, 0.0011090596672147512, 0.009373942390084267, 0.00035172587377019227, 0.0005110701313242316, 0.00013025588123127818, 0.0016840436728671193, 0.002568628638982773, 0.0004029168630950153, 0.0002821152738761157, 0.0007762738387100399, 0.0003862053563352674, 0.0022732282523065805, 0.0005453714984469116, 0.007283291779458523, 0.00033742759842425585, 0.00017961535195354372, 0.00018792001355905086, 0.0014354436425492167, 0.00036027556052431464, 0.003221007762476802, 0.0004150077002122998, 0.0006719566881656647, 0.0012701242230832577, 0.002234110375866294, 0.0001357814035145566, 6.345489236991853e-05, 0.0001976831554202363, 0.0014646528288722038, 0.0029196608811616898, 0.00027966481866315007, 6.880096771055833e-05, 0.00020011869492009282, 0.00022774175158701837, 0.0016729923663660884, 0.0009132632403634489, 0.0024641479831188917, 0.0005429165903478861, 0.0004095829790458083, 0.00015231409633997828, 0.00013382654287852347, 0.0019300372805446386, 0.0009078630828298628, 0.00045918032992631197, 0.00429118238389492, 0.0005485065630637109, 0.0003251124289818108, 0.00010416984150651842, 0.0017288364470005035, 0.002458979142829776, 0.0003595930465962738, 0.00020759383914992213, 0.0010179029777646065, 0.0005767791881226003, 0.000526603136677295, 0.0011106031015515327, 0.001129883574321866, 0.00037681221147067845, 0.002473653992637992, 0.0006410250789485872, 0.0006523035699501634, 0.0006014383397996426, 0.000553905323613435, 0.0009141426999121904, 0.00035543058766052127, 0.00022394914412871003, 0.0003556354786269367, 0.0003919671871699393, 0.00022932494175620377, 0.00012719162623398006, 0.0022669597528874874, 0.0012185851810500026, 0.0006370241753757, 0.0017886410932987928, 0.0008034385973587632, 0.0021048097405582666, 0.000604896224103868, 0.01731683313846588, 0.0010026618838310242, 0.0008503951830789447, 0.005073184613138437, 0.000722650031093508, 0.000571315293200314, 0.001857646508142352, 0.0018856016686186194, 0.0018123699119314551, 0.0005110615165904164, 0.00028269202448427677, 0.00036825804272666574, 0.0004066719557158649, 0.003904173616319895, 0.0012961853062734008, 0.0010594964260235429, 0.0005937771056778729, 0.0006571689154952765, 0.009191065095365047, 0.0023601616267114878, 0.0020728525705635548, 0.0007659363327547908, 0.0004917457117699087, 0.0008351143333129585, 0.0013583747204393148, 0.001950856763869524, 0.001289893058128655, 0.0009955390123650432, 0.00456767063587904, 0.0019254533108323812, 0.0006598424515686929, 0.0006908750510774553, 0.0006294698105193675, 0.00046995619777590036, 0.015630032867193222, 0.0013223361456766725, 0.0008765404345467687, 0.0039848703891038895, 0.00526127265766263, 0.0004876779275946319, 0.006611170247197151, 0.0012165447697043419, 0.00044501799857243896, 0.0005704994546249509, 0.0010416798759251833, 0.0005183212924748659, 0.005618799943476915, 0.0015162320341914892, 0.0003425388131290674, 0.001253959140740335, 0.0010601807152852416, 0.001013596192933619, 0.005813197232782841, 0.0023275548592209816, 0.000862892426084727, 0.0025362817104905844, 0.004977432079613209, 0.0018740587402135134, 0.0012108244700357318, 0.012413330376148224, 0.002282966859638691, 0.0014203219907358289, 0.001655773725360632, 0.002259006490930915, 0.013811259530484676, 0.0037815801333636045, 0.003663622308522463, 0.021867915987968445, 0.009668597020208836, 0.008719490841031075, 0.004447939805686474, 0.004120716825127602, 0.011543769389390945, 0.00844457745552063, 0.06674152612686157, 0.006973940879106522, 0.02291281707584858, 0.03734777867794037, 0.08151138573884964]}