{"step": 850, "timestamp": 1745792465.5778701, "attention": [0.5316745042800903, 0.0002776827313937247, 0.00014578489935956895, 4.3373605876695365e-05, 1.1849432667077053e-05, 4.2379389924462885e-05, 2.3697280994383618e-05, 1.0427159395476338e-05, 3.6155568523099646e-05, 4.432503556017764e-05, 9.002076694741845e-06, 1.9498741039569722e-06, 6.123105322330957e-06, 6.040832431608578e-06, 1.1495500984892715e-05, 5.141923793416936e-06, 5.016184786654776e-06, 7.70829210523516e-05, 1.8316147816221928e-06, 1.1362154509697575e-05, 6.297218533291016e-06, 5.524828338820953e-06, 3.5252731322543696e-05, 1.6167199646588415e-05, 1.4587252735509537e-05, 5.108404366183095e-06, 8.741760211705696e-06, 5.615403097181115e-06, 2.319974328202079e-06, 5.139715540281031e-06, 6.950024544494227e-05, 2.0449517251108773e-05, 2.2550073481397703e-05, 2.7740894438466057e-05, 4.945749242324382e-05, 1.6901540220715106e-05, 1.389715453115059e-05, 1.630242695682682e-05, 1.7192574887303635e-05, 2.6980816983268596e-05, 5.9891237469855696e-05, 9.416489774594083e-06, 4.080389771843329e-06, 2.2441849068854935e-05, 2.8431311875465326e-05, 2.2377349523594603e-05, 1.8992323020938784e-05, 7.286963864316931e-06, 4.4920707296114415e-06, 3.326100704725832e-05, 3.1794617825653404e-05, 1.1199365872016642e-05, 1.2369584510452114e-05, 4.6279816160677e-05, 2.8004606065223925e-05, 1.6197893273783848e-05, 1.847270323196426e-05, 1.4057589396543335e-05, 1.2073455764038954e-05, 1.6517402400495484e-05, 3.866988208756084e-06, 4.46090598416049e-06, 6.030376425769646e-06, 4.356567387731047e-06, 4.853548034589039e-06, 2.5660492610768415e-06, 7.232362349895993e-06, 1.1950261978199705e-05, 8.453514965367503e-06, 8.37803145259386e-06, 6.589071745111141e-06, 4.2992628550564405e-06, 4.171434557065368e-05, 6.044523979653604e-05, 1.1826045920315664e-05, 7.33580009182333e-06, 2.3646558474865742e-05, 3.73772309103515e-05, 4.060304490849376e-05, 3.08041853713803e-05, 9.638126357458532e-06, 5.401583621278405e-06, 4.61884519609157e-05, 1.8160983017878607e-05, 9.40369955060305e-06, 7.674910193600226e-06, 3.8876452890690416e-05, 1.0864720024983399e-05, 6.049608600733336e-06, 1.8076329070026986e-05, 7.124090916477144e-05, 1.1742288734239992e-05, 1.5936091585899703e-05, 1.417211205989588e-05, 6.311217475740705e-06, 2.5886629373417236e-05, 0.0014633482787758112, 2.3518656234955415e-05, 2.8159563953522593e-05, 1.5113521840248723e-05, 1.6934027371462435e-05, 5.052422784501687e-05, 0.00010754443792393431, 4.386995715321973e-05, 6.644609675277025e-05, 8.558903573430143e-06, 1.0827756341313943e-05, 2.5499035473330878e-05, 0.0002820899826474488, 1.9707975297933444e-05, 1.1827291018562391e-05, 8.272102604678366e-06, 1.5246530892909504e-05, 8.539263035345357e-06, 0.00030811343458481133, 7.035463113425067e-06, 7.03395153323072e-06, 5.010316272091586e-06, 1.1987359357590321e-05, 3.706934876390733e-06, 1.5935380361042917e-05, 6.089641374273924e-06, 3.353516603965545e-06, 3.218512938474305e-05, 8.33114427223336e-06, 3.565177394193597e-06, 5.6172648328356445e-06, 4.84119073007605e-06, 2.9704624466830865e-06, 5.961094757367391e-06, 0.000138350878842175, 6.5722729232220445e-06, 6.828007826698013e-06, 8.072969649219885e-06, 3.0677870199724566e-06, 6.784236120438436e-06, 6.0820980252174195e-06, 8.083563443506137e-06, 0.00013218101230449975, 6.302955625869799e-06, 7.4625831985031255e-06, 1.0573530744295567e-06, 3.221685346943559e-06, 1.3212253179517575e-05, 1.6847498045535758e-05, 1.3430611033982132e-05, 1.5763676856295206e-05, 9.485286682320293e-06, 1.1716850167431403e-05, 1.5258265193551779e-05, 1.0221712727798149e-05, 1.0597395885270089e-05, 0.0003097351873293519, 1.090963269234635e-05, 2.6526604415266775e-05, 1.586084908922203e-05, 2.905809014919214e-05, 3.340292823850177e-05, 7.333280518651009e-05, 9.968893209588714e-06, 2.1281541194184683e-05, 1.2978993254364468e-05, 2.2335958419716917e-05, 1.7075570212909952e-05, 0.00010103278327733278, 1.8895336324931122e-05, 1.1343758160364814e-05, 2.528324694139883e-05, 5.741546829085564e-06, 0.00011525920854182914, 4.832221748074517e-06, 3.0959701689425856e-05, 1.1883631486853119e-05, 6.285254130489193e-06, 9.002282240544446e-06, 7.091737643349916e-06, 5.492004220286617e-06, 9.358698662254028e-06, 1.4526507584378123e-05, 4.5742785005131736e-05, 1.4296630979515612e-05, 1.8037605968856951e-06, 8.030248864088207e-06, 1.2829485967813525e-05, 1.2546572179417126e-05, 1.940217407536693e-05, 2.9866278055123985e-05, 2.9093298508087173e-05, 7.867598469601944e-06, 1.6484264051541686e-05, 4.503603122429922e-05, 4.198951864964329e-05, 1.9395673007238656e-05, 1.2372290257189889e-05, 4.899357918475289e-06, 1.4116761121840682e-05, 3.091237158514559e-05, 3.5528806620277464e-05, 1.8030868886853568e-05, 1.349175363429822e-05, 1.8057602574117482e-05, 1.077687647921266e-05, 2.7967356800218113e-05, 2.0383486116770655e-05, 6.5341664594598114e-06, 1.5698547940701246e-05, 9.712504834169522e-06, 9.886660336633213e-06, 8.704372703505214e-06, 2.4581611796747893e-05, 7.336522230616538e-06, 1.0984693290083669e-05, 2.2207170331967063e-05, 1.7106824088841677e-05, 2.3775724912411533e-05, 2.6475931008462794e-05, 2.3409756977343932e-05, 4.094507403351599e-06, 4.802892362931743e-06, 6.217494501470355e-06, 2.8443211704143323e-05, 1.6989251889754087e-05, 1.4051334801479243e-05, 7.067899787216447e-06, 2.313458753633313e-05, 6.706533167744055e-05, 4.244171577738598e-05, 8.641506610729266e-06, 1.7441647287341766e-05, 2.0419898646650836e-05, 0.0007340848678722978, 2.032028896792326e-05, 1.6282330761896446e-05, 1.870307096396573e-05, 1.3874519936507568e-05, 1.0322499292669818e-05, 1.8501919839764014e-05, 1.4655412087449804e-05, 1.970775701920502e-05, 2.00510912691243e-05, 0.0006316403741948307, 6.4963883232849184e-06, 7.566852673335234e-06, 3.3272906875936314e-05, 1.4469775123870932e-05, 7.683929652557708e-06, 1.1391224688850343e-05, 4.821543552679941e-05, 1.382406298944261e-05, 3.189114067936316e-06, 1.1586604159674607e-05, 7.240820195875131e-06, 3.175729943905026e-05, 5.812066774524283e-06, 6.724003924318822e-06, 4.029228875879198e-05, 2.243908602395095e-05, 3.168400871800259e-05, 9.957897418644279e-05, 3.435786857153289e-05, 8.376428013434634e-06, 2.7030961064156145e-05, 3.5636658139992505e-05, 2.5265840122301597e-06, 4.16362809119164e-06, 2.8250742616364732e-05, 4.904356501356233e-06, 8.884033741196617e-05, 3.0057743060751818e-05, 2.131683322659228e-05, 2.31495523621561e-05, 2.0238649085513316e-05, 2.9249940780573525e-05, 1.7446196579840034e-05, 7.000083314778749e-06, 1.2709990187431686e-05, 1.4495522918878123e-05, 3.152189310640097e-05, 1.323066226177616e-05, 0.0002417133655399084, 5.181331653147936e-05, 3.1602703529642895e-05, 2.2240588805289008e-05, 1.3403983757598326e-05, 3.491748429951258e-05, 3.0327564672916196e-05, 3.1416133424500003e-05, 3.599806586862542e-05, 7.244170410558581e-05, 2.838026193785481e-05, 6.281988316914067e-05, 3.75381059711799e-05, 3.609421764849685e-05, 1.0420681064715609e-05, 1.4747894056199584e-05, 2.7337096980772913e-05, 3.6976147384848446e-05, 0.0009258737554773688, 3.073186599067412e-05, 2.9261529562063515e-05, 1.58646816998953e-05, 2.1747528080595657e-05, 1.4677762010251172e-05, 9.332538320450112e-05, 6.155922164907679e-05, 2.9822844226146117e-05, 1.8443828594172373e-05, 1.5656585674150847e-05, 6.960447535675485e-06, 0.0005744855152443051, 7.139521585486364e-06, 4.451972927199677e-06, 4.53689517598832e-06, 0.0004489710845518857, 1.6221229088841937e-05, 1.1128358892165124e-05, 7.939426723169163e-06, 8.579665518482216e-06, 5.610463267657906e-05, 1.1719442227331456e-05, 1.2627401702047791e-05, 4.699697910837131e-06, 5.765975856775185e-06, 4.7602507038391195e-06, 4.878729214397026e-06, 6.072368705645204e-06, 1.0005169315263629e-05, 1.3856539226253517e-05, 7.686838216613978e-06, 2.5023897251230665e-05, 1.0856578228413127e-05, 5.893403431400657e-05, 1.931172846525442e-05, 3.546902007656172e-05, 1.5680336218792945e-05, 3.423129965085536e-05, 2.793188650684897e-05, 7.827001354598906e-06, 2.335935459996108e-05, 