{"step": 450, "timestamp": 1745707559.646821, "attention": [0.399008572101593, 0.12077739834785461, 0.00034148668055422604, 0.00016707733448129147, 4.1265688196290284e-05, 3.879034557030536e-05, 4.4951615564059466e-05, 1.3780510016658809e-05, 3.562443453120068e-05, 3.8932907045818865e-05, 0.00018598369206301868, 0.0002154081012122333, 4.898177576251328e-05, 7.818767335265875e-05, 1.6105583199532703e-05, 0.00014775613090023398, 6.568909157067537e-05, 4.718355557997711e-05, 4.247949254931882e-05, 5.73346005694475e-05, 0.00011961757263634354, 8.012528269318864e-05, 0.0002330592105863616, 0.00012575447908602655, 4.261628782842308e-05, 0.00015734939370304346, 0.00032268435461446643, 0.0001100716253858991, 6.370375922415406e-05, 0.00020425434922799468, 0.00016790794325061142, 0.00010616867803037167, 4.5463824790203944e-05, 2.0933992345817387e-05, 4.638874816009775e-05, 3.616580943344161e-05, 1.1272388292127289e-05, 6.986752850934863e-06, 3.766367808566429e-05, 0.00019452511332929134, 0.0005415258347056806, 4.9485843192087486e-05, 5.820722799398936e-05, 9.192318429995794e-06, 1.702443478279747e-05, 0.0002609950606711209, 4.530944715952501e-05, 1.8152477423427626e-05, 2.856753326341277e-06, 8.21899448055774e-06, 2.7953507014899515e-05, 4.654691292671487e-05, 5.678210436599329e-05, 2.287963798153214e-05, 2.391302950854879e-05, 9.210480493493378e-05, 0.0003970356483478099, 4.828860255656764e-05, 2.7081558073405176e-05, 3.069394006161019e-05, 2.802544076985214e-05, 2.3562777641927823e-05, 7.371927040367154e-06, 2.9395405363175087e-06, 9.591505659045652e-06, 3.7502326449612156e-05, 2.3770804546074942e-05, 2.8652311812038533e-05, 1.1210297088837251e-05, 3.9091333746910095e-05, 4.466505197342485e-05, 7.933215965749696e-05, 5.1477018132572994e-05, 3.352737257955596e-05, 1.1872652976308018e-05, 0.0003160148044116795, 0.00013097262126393616, 6.670154834864661e-05, 7.61604678700678e-05, 2.70377095148433e-05, 2.582036904641427e-05, 4.981798701919615e-05, 1.827807500376366e-05, 0.00012878570123575628, 7.086316327331588e-05, 2.5749792257556692e-05, 2.899626997532323e-05, 7.061030191835016e-05, 3.5275723348604515e-05, 4.425767110660672e-05, 8.328921830980107e-05, 0.00013303791638463736, 7.861366611905396e-05, 6.243331881705672e-05, 5.080887058284134e-05, 0.00013629195746034384, 5.013367990613915e-05, 4.789434387930669e-05, 2.877756196539849e-05, 4.2695402953540906e-05, 4.448056279215962e-05, 1.3038354154559784e-05, 6.998930621193722e-05, 2.602984750410542e-05, 4.6770262997597456e-05, 2.2763659217162058e-05, 1.728928691591136e-05, 2.8575283067766577e-05, 1.296953450946603e-05, 2.488041172910016e-05, 5.505487570189871e-05, 3.0525603506248444e-05, 1.6141344531206414e-05, 1.7558691979502328e-05, 4.175958747509867e-05, 1.1017977158189751e-05, 4.380042082630098e-05, 3.689823279273696e-05, 3.300089156255126e-05, 5.647070793202147e-05, 0.0003948375233449042, 0.0005106577882543206, 0.00039156724233180285, 0.00039949663914740086, 0.00023980687547009438, 0.0008680844912305474, 8.206030179280788e-05, 0.0016702936263754964, 0.0006435560644604266, 0.00018938402354251593, 0.0006132039125077426, 0.0002167386410292238, 0.0016046304954215884, 0.00046413729432970285, 0.000758872483856976, 0.00028337183175608516, 7.663772703381255e-05, 0.00026211715885438025, 3.391545033082366e-05, 6.614172889385372e-05, 0.00011684816126944497, 0.00034765072632580996, 0.00014355985331349075, 5.3711126383859664e-05, 2.98251961794449e-05, 0.0001384253555443138, 7.632110646227375e-05, 0.0004967359709553421, 0.00019361010345164686, 0.0001651790807954967, 0.0005875357892364264, 4.7629902837798e-05, 6.808539183111861e-05, 0.00012185474042780697, 9.917360148392618e-05, 9.338452946394682e-05, 6.633638986386359e-05, 0.00015600323968101293, 0.00014919682871550322, 2.5720833946252242e-05, 3.67302491213195e-05, 3.239532088628039e-05, 1.4408098650164902e-05, 4.112645001441706e-06, 0.0001341395836789161, 2.4072480300674215e-05, 8.67216513142921e-05, 5.2736722864210606e-05, 0.0004085949913132936, 0.0002628406509757042, 0.00013368940562941134, 9.704261174192652e-05, 0.00011085245932918042, 0.00010479561024112627, 6.191704596858472e-05, 2.6862011509365402e-05, 0.00019396223069634289, 0.0002403858961770311, 0.0004025356029160321, 0.00014060251123737544, 0.00014159732381813228, 0.00016112983576022089, 0.00014591403305530548, 0.00013713486259803176, 0.0001638544345041737, 0.0003076242282986641, 6.571249105036259e-05, 4.2183397454209626e-05, 5.054065695730969e-05, 1.5205603631329723e-05, 8.447496657026932e-05, 0.00010814014967763796, 0.0003156845341436565, 0.00010076544276671484, 0.0003098974411841482, 0.00030732163577340543, 0.0004281369911041111, 0.0004434983420651406, 0.0003268583386670798, 0.00018126721261069179, 0.00014999131963122636, 0.0005673559498973191, 3.519155870890245e-05, 0.00017541577108204365, 0.00032415572786703706, 0.0006898436695337296, 0.0012434797827154398, 0.0004161661781836301, 0.00034147966653108597, 0.000510235084220767, 0.00041086459532380104, 0.0006133904098533094, 0.0005394601612351835, 0.00013884301006328315, 0.00019442837219685316, 5.765185778727755e-05, 0.00016832364781294018, 7.050532440189272e-05, 6.011140430928208e-05, 8.576024265494198e-05, 0.00016700329433660954, 9.56089497776702e-05, 1.0595505045785103e-05, 4.2406609281897545e-05, 3.638261114247143e-05, 5.206093192100525e-05, 0.00010554330219747499, 0.0002462496922817081, 0.0002819148066919297, 5.20844514539931e-05, 6.163139187265188e-05, 4.9751761252991855e-05, 0.00022675376385450363, 0.00031625409610569477, 0.0001661487331148237, 0.00021799709065817297, 8.323147631017491e-05, 0.00018454345990903676, 5.361478542909026e-05, 0.00022383492614608258, 0.0008992287330329418, 2.7762096578953788e-05, 2.6669073122320697e-05, 0.0001237641554325819, 0.00015692575834691525, 0.00012149045505793765, 0.0008050277829170227, 0.00010400296014267951, 0.00022425616043619812, 7.35110224923119e-05, 5.33593374711927e-05, 4.410348992678337e-05, 0.00012059633445460349, 2.8350776119623333e-05, 0.00021233924780972302, 0.0010922783985733986, 0.0003746877482626587, 0.00010253052460029721, 0.00013749991194345057, 0.0001908197154989466, 0.00012085502385161817, 0.00010456319432705641, 0.0004906330723315477, 0.0003542772028595209, 0.00012268402497284114, 0.00013929751003161073, 0.0003599816409405321, 0.00037717967643402517, 0.0002809370926115662, 0.00057182926684618, 0.0005634320550598204, 0.00020014698384329677, 0.00014839087089058012, 7.783954788465053e-05, 0.0003469281946308911, 0.0001926015829667449, 0.0002171568776248023, 0.00027737775235436857, 0.0005659079179167747, 0.0001904160453705117, 0.00015806463488843292, 0.00025128546985797584, 0.0003119529865216464, 0.0002046354056801647, 0.0006380963022820652, 0.00023213372332975268, 0.00016645845607854426, 0.00043519766768440604, 0.0001306154445046559, 0.00017601829313207418, 0.00017192834638990462, 0.0003090112586505711, 0.00013361651508603245, 0.00040011791861616075, 0.00023432554735336453, 0.0004748147330246866, 0.00021901982836425304, 0.00024232531723100692, 0.0011169682256877422, 0.0002678876626305282, 0.00040425927727483213, 0.001115867868065834, 0.0003605209058150649, 0.00012561705079860985, 8.293567225337029e-05, 0.0006401691352948546, 8.287166565423831e-05, 0.00010708907211665064, 6.379646220011637e-05, 0.0003116775187663734, 0.0013118705246597528, 0.0011717937886714935, 0.0004055789904668927, 0.0003786251472774893, 0.00038244648021645844, 0.00045242413762025535, 0.0006877161795273423, 0.0003765926230698824, 0.00024079566355794668, 8.564737800043076e-05, 0.0002641593455336988, 0.00021873298101127148, 0.0004946548724547029, 0.0004400262550916523, 0.0005214163102209568, 0.00020577279792632908, 0.0007661617710255086, 0.00025845487834885716, 0.0004040704225189984, 0.000265730544924736, 0.0008536356035619974, 0.00025410199305042624, 0.00019359492580406368, 0.00013385173224378377, 0.0005685283686034381, 0.0002159380674129352, 0.00035409111296758056, 0.00025382230523973703, 0.00016152158787008375, 