{"step": 350, "timestamp": 1745707555.7151475, "attention": [0.614739179611206, 0.072452612221241, 5.7652076066005975e-05, 5.507156311068684e-05, 1.7076463336707093e-05, 5.243363557383418e-05, 7.222796557471156e-05, 2.9122846171958372e-05, 3.801457933150232e-05, 3.333463246235624e-05, 0.0008200223091989756, 0.00036763562820851803, 0.00016067514661699533, 5.164930553291924e-05, 1.2199872799101286e-05, 6.279766967054456e-05, 5.617632996290922e-05, 4.1937422793125734e-05, 7.868863031035289e-05, 8.783793600741774e-05, 0.00024846670567058027, 3.7376048567239195e-05, 1.687326584942639e-05, 2.89646541205002e-05, 3.267382271587849e-05, 5.429318844107911e-05, 0.00024866085732355714, 7.00056625646539e-05, 3.103348717559129e-05, 7.494397141272202e-05, 0.00022609130246564746, 7.662354619242251e-05, 7.277895929291844e-05, 1.4993580407463014e-05, 1.086415159079479e-05, 1.250679724762449e-05, 5.5274576880037785e-06, 1.8019956769421697e-05, 2.575376129243523e-05, 0.0002312536962563172, 0.0008172319503501058, 0.00013282558938954026, 8.631256059743464e-05, 1.0508765626582317e-05, 1.928798883454874e-05, 0.0003473923134151846, 1.1332486792525742e-05, 2.5139956960629206e-06, 5.53372331069113e-07, 1.16259980131872e-05, 3.715170169016346e-05, 6.955464778002352e-05, 8.339723717654124e-05, 2.6343843273934908e-05, 2.6811756470124237e-05, 7.603233825648203e-05, 0.0002544478338677436, 5.437783693196252e-05, 1.0438814570079558e-05, 1.013988094200613e-05, 1.2984755812794901e-05, 5.053346285421867e-06, 1.2848470305470983e-06, 3.99087866753689e-07, 9.923887773766182e-06, 3.110380930593237e-05, 3.294393900432624e-05, 4.4198222894920036e-05, 2.5581695808796212e-05, 3.814916271949187e-05, 3.463571920292452e-05, 1.303940916841384e-05, 2.4190900148823857e-05, 3.78654431187897e-06, 9.030956107380916e-07, 1.6855585272423923e-05, 1.721811349852942e-05, 1.3041651982348412e-05, 2.413820220681373e-05, 6.913936431374168e-06, 1.7646843843976967e-05, 1.9343789972481318e-05, 1.1452491889940575e-05, 0.00012447054905351251, 6.460183794843033e-05, 2.0749233954120427e-05, 1.6748530470067635e-05, 2.6872246962739155e-05, 8.262466508313082e-06, 4.369340331322746e-06, 3.929569174943026e-06, 6.3215356931323186e-06, 1.0915478924289346e-05, 4.2690990085247904e-05, 2.5366445697727613e-05, 8.940034604165703e-05, 4.064566383021884e-05, 4.256374086253345e-05, 2.489176404196769e-05, 1.778450678102672e-05, 2.5848672521533445e-05, 7.61458977649454e-06, 4.5077907998347655e-05, 1.1399710274417885e-05, 6.079943432268919e-06, 1.0791150998556986e-05, 1.98573870875407e-05, 6.310701428446919e-05, 2.3646207409910858e-05, 6.171672430355102e-05, 0.00012024793977616355, 0.000148229009937495, 8.949457696871832e-05, 3.662128438008949e-05, 4.6624747483292595e-05, 2.3701935788267292e-05, 2.6989562684320845e-05, 4.963808351021726e-06, 2.4277542252093554e-06, 2.540853529353626e-06, 2.805038275255356e-05, 0.00015735410852357745, 1.7167925761896186e-05, 1.5643468941561878e-05, 3.1573144951835275e-05, 0.0002020173124037683, 1.5614936273777857e-05, 0.00040594255551695824, 5.484363646246493e-05, 1.3559150829678401e-05, 5.493275966728106e-05, 1.3442616364045534e-05, 0.00019568180141504854, 4.1683651943458244e-05, 4.470207932172343e-05, 1.0333274076401722e-05, 5.980048626952339e-06, 1.6765839973231778e-05, 9.420754395250697e-06, 4.199836985208094e-05, 2.4198856408474967e-05, 3.578262112569064e-05, 3.4606215194799006e-05, 8.951863856054842e-05, 5.5947260989341885e-05, 7.263159204740077e-05, 2.3701653844909742e-05, 0.00017432802997063845, 0.00011574091331567615, 0.00011016636562999338, 0.0006836307584308088, 6.364691944327205e-05, 7.739233842585236e-05, 0.00010726200707722455, 6.899545405758545e-05, 6.356324593070894e-05, 3.4707201848505065e-05, 4.282915688236244e-05, 1.3579578080680221e-05, 1.0842206393135712e-05, 3.421341898501851e-05, 1.160340616479516e-05, 5.395104381022975e-06, 1.6875827668627608e-06, 8.689957212482113e-06, 3.688051265271497e-06, 2.994988244608976e-05, 3.896449925377965e-06, 2.498574394849129e-05, 1.539282311568968e-05, 8.73434473760426e-05, 6.525415665237233e-05, 0.00027283927192911506, 0.0002811313606798649, 9.864792809821665e-05, 9.462355592404492e-06, 3.163976361975074e-05, 6.477325950982049e-05, 0.00017700686294119805, 4.778282163897529e-05, 3.8768390368204564e-05, 3.5800727346213534e-05, 7.261259452207014e-05, 3.022200871782843e-05, 0.00014427505084313452, 1.4318105968413875e-05, 1.298688403039705e-05, 2.386735286563635e-05, 1.4978197214077227e-05, 2.217938572357525e-06, 8.650910785945598e-06, 1.3014347132411785e-05, 6.502504402305931e-05, 2.9155731681385078e-05, 0.0001117324864026159, 0.0001628455356694758, 0.00012114580749766901, 0.00012157965102232993, 6.709055014653131e-05, 1.8476594050298445e-05, 2.134662281605415e-05, 6.577341264346614e-05, 3.2999678296619095e-06, 5.582939047599211e-05, 8.907818846637383e-05, 9.294287883676589e-05, 0.00036519154673442245, 6.610612763324752e-05, 6.021642911946401e-05, 3.813965304289013e-05, 4.394950155983679e-05, 0.0002305577218066901, 3.527563967509195e-05, 2.022336411755532e-05, 1.4090530385146849e-05, 1.5523433830821887e-05, 5.697757296729833e-05, 4.557970896712504e-05, 7.151791214710101e-05, 0.0007396713481284678, 0.0004913127631880343, 0.00010734899842645973, 2.697482614166802e-06, 6.679643774987198e-06, 1.180321032734355e-05, 1.318517024628818e-05, 4.9612714065006e-05, 4.150258610025048e-05, 0.00017360168567392975, 1.1179912689840421e-05, 2.0529867470031604e-05, 2.924752152466681e-05, 9.464113099966198e-05, 0.0002580361906439066, 5.357967529562302e-05, 0.00012448165216483176, 5.1342267397558317e-05, 3.243345781811513e-05, 1.2819835319533013e-05, 4.156963404966518e-05, 5.505591616383754e-05, 1.244377654074924e-05, 1.875783891591709e-05, 9.203147783409804e-05, 0.00010426380322314799, 6.510739331133664e-05, 7.088659185683355e-05, 3.23463355016429e-05, 6.487157952506095e-05, 4.0361184801440686e-05, 1.1191164048796054e-05, 1.1825276487797964e-05, 6.3170937210088596e-06, 4.11535575040034e-06, 3.380382986506447e-05, 6.097936784499325e-05, 4.071658622706309e-05, 1.9782037270488217e-05, 5.88434559176676e-05, 0.00012073005927959457, 4.272105434210971e-05, 5.107269680593163e-05, 0.00014484110579360276, 0.00012280591181479394, 6.0903854318894446e-05, 4.0811799408402294e-05, 0.0001053453961503692, 6.568639219040051e-05, 0.00011250677926000208, 0.00024724900140427053, 0.00032335679861716926, 0.00027726992266252637, 0.00013250482152216136, 3.5613917134469375e-05, 0.000203556744963862, 0.00016974830941762775, 4.8357971536461264e-05, 8.995531243272126e-05, 0.00016586334095336497, 6.981741171330214e-05, 5.487560702022165e-05, 7.503628876293078e-05, 3.686049967654981e-05, 5.862296529812738e-05, 0.00010965864930767566, 7.997544162208214e-05, 4.4680658902507275e-05, 0.0002517786342650652, 2.670484536793083e-05, 3.854146780213341e-05, 3.8095553463790566e-05, 8.941534179029986e-05, 0.00010407746594864875, 0.0002691539702937007, 0.0001164174173027277, 0.0001079821668099612, 5.991886428091675e-05, 0.00013068749103695154, 0.0004877735045738518, 0.00040036789141595364, 0.00029780465411022305, 0.0002644490450620651, 7.17347938916646e-05, 3.892439417541027e-05, 8.59239517012611e-05, 0.00011508906754897907, 5.542444341699593e-05, 7.353619002969936e-05, 2.1343126718420535e-05, 0.000133881185320206, 0.0002675045980140567, 0.00010406437650090083, 0.00013874669093638659, 0.00022999130305834115, 0.00012191199493827298, 0.00015657416952308267, 0.0003861059667542577, 0.000297596852760762, 0.00030567776411771774, 7.189581810962409e-05, 0.00025124859530478716, 6.857168045826256e-05, 7.929465209599584e-05, 0.00021217449102550745, 8.63165914779529e-05, 6.053959077689797e-05, 0.00018369157623965293, 6.51153241051361e-05, 9.871088695945218e-05, 6.805051089031622e-05, 0.0003634936874732375, 7.38167145755142e-05, 5.586742190644145e-05, 3.749168899958022e-05, 0.0002843656693585217, 8.68473289301619e-05, 0.0005158184794709086, 0.0009273736504837871, 0.00084727443754673, 0.0005447376752272248, 