{"step": 200, "timestamp": 1745792429.6737058, "attention": [0.47466158866882324, 0.003432123688980937, 0.0010384799679741263, 0.00037467427318915725, 0.0011818171478807926, 0.007534028962254524, 0.001108399941585958, 0.00022680293477606028, 0.0008080773986876011, 0.0004101806553080678, 0.00026969946338795125, 0.0001645483134780079, 0.0003401570429559797, 0.00027823203708976507, 0.00167319446336478, 0.000639459234662354, 0.0006539544556289911, 0.0009074148838408291, 0.0003485482302494347, 0.0012251796433702111, 0.0012769176391884685, 0.0005075372173450887, 0.0007463906076736748, 0.00045690147089771926, 0.0016912526916712523, 0.0006959469756111503, 0.0005689291283488274, 0.00036764206015504897, 0.00012755021452903748, 0.0006013502134010196, 0.0008401886443607509, 0.0004670342896133661, 0.00027736637275666, 0.001099221408367157, 0.0011893805349245667, 0.0006675810436718166, 0.0013261118438094854, 0.0006882241577841341, 0.0001407270465278998, 0.00019435083959251642, 0.00023854480241425335, 0.00020081369439139962, 0.000710527237970382, 0.0007931572617962956, 0.00014464955893345177, 0.00014004029799252748, 0.00018344195268582553, 0.00033966245246119797, 0.0002985540486406535, 0.00630752369761467, 0.0013701565330848098, 0.0006085542845539749, 0.0003539135796017945, 0.005033502355217934, 0.001202617771923542, 0.0027341903187334538, 0.0020317344460636377, 0.0007355182897299528, 0.0026351979468017817, 0.002952686743810773, 0.0007773771649226546, 0.0008694032439962029, 0.0018735826015472412, 0.00046228236169554293, 0.000303645123494789, 0.00054451689356938, 0.0027864649891853333, 0.0007531197043135762, 0.00026496636564843357, 0.0006032754899933934, 0.0004910501302219927, 0.000312846532324329, 0.0010052567813545465, 0.0016782121965661645, 0.00048731395509094, 0.0005282014608383179, 0.0012914780527353287, 0.0010399913880974054, 0.0009491561795584857, 0.0014076493680477142, 0.0006412038928829134, 0.000527838827110827, 0.000567438721191138, 0.00044248675112612545, 0.00018856531823985279, 0.0002733602304942906, 0.0042546335607767105, 0.0012989331735298038, 0.0009003652958199382, 0.0007265776512213051, 0.0007277099648490548, 0.0006088397349230945, 0.0035099093802273273, 0.00075353286229074, 0.001358324778266251, 0.0016087337862700224, 0.01729152351617813, 0.0017057734075933695, 0.0023897786159068346, 0.0009893672540783882, 0.0033700084313750267, 0.0032662954181432724, 0.0007750523509457707, 0.0004669667105190456, 0.001619860646314919, 0.0007444661459885538, 0.0018690851284191012, 0.0007299307617358863, 0.009164733812212944, 0.0010314255487173796, 0.0007702362490817904, 0.0005265512736514211, 0.0023672166280448437, 0.000389207067200914, 0.0040393490344285965, 0.0006310851313173771, 0.0012348394375294447, 0.0018348961602896452, 0.0028933652210980654, 0.0004821198817808181, 0.0003359354450367391, 0.0005574790993705392, 0.0019114655442535877, 0.00388866919092834, 0.0010645543225109577, 0.0003144106885883957, 0.0005140411667525768, 0.0005980970454402268, 0.0014755367301404476, 0.0006959094316698611, 0.004189082887023687, 0.0016397408908233047, 0.001252542482689023, 0.0005182527820579708, 0.0004724161699414253, 0.002575312042608857, 0.0009678466012701392, 0.0008965217275545001, 0.005255575757473707, 0.001330133294686675, 0.0013507497496902943, 0.0005727849202230573, 0.003967871889472008, 0.0027493909001350403, 0.0012922667665407062, 0.0006262708338908851, 0.0022229801397770643, 0.0014966964954510331, 0.001444193534553051, 0.003553377464413643, 0.0024787322618067265, 0.0017611164366826415, 0.0031009549275040627, 0.0013893258292227983, 0.0025491472333669662, 0.0028307707980275154, 0.003207414411008358, 0.003397352062165737, 0.0012197131291031837, 0.0011324097868055105, 0.000571922748349607, 0.0007678291294723749, 0.0005690426914952695, 0.0004550449666567147, 0.004518050700426102, 0.0019451347179710865, 0.0011711035622283816, 0.0040357974357903, 0.002142415614798665, 0.0017437642673030496, 0.0009996304288506508, 0.011217917315661907, 0.00140468031167984, 0.00108285341411829, 0.006637291517108679, 0.0024762803222984076, 0.0019020393956452608, 0.004124457016587257, 0.003617087611928582, 0.005005475599318743, 0.0014535273658111691, 0.000911100534722209, 0.0017635277472436428, 0.0014143673470243812, 0.013781299814581871, 0.004690093919634819, 0.004873817786574364, 0.003290876280516386, 0.004163139499723911, 0.020019162446260452, 0.005027832463383675, 0.0038206912577152252, 0.0036692083813250065, 0.001695148879662156, 0.0030756029300391674, 0.007232057861983776, 0.010731381364166737, 0.006389793939888477, 0.011542675085365772, 0.12364630401134491]}